stage	locator_variable	locator	revision_variable	revision
scripts.d/10-mingw.sh	SCRIPT_REPO	https://git.code.sf.net/p/mingw-w64/mingw-w64.git	SCRIPT_COMMIT	57b595039040eaa15bece85b7cc71d952281b269
scripts.d/10-mingw-std-threads.sh	SCRIPT_REPO	https://github.com/meganz/mingw-std-threads.git	SCRIPT_COMMIT	c931bac289dd431f1dd30fc4a5d1a7be36668073
scripts.d/50-amf.sh	SCRIPT_REPO	https://github.com/GPUOpen-LibrariesAndSDKs/AMF.git	SCRIPT_COMMIT	6277e353fd625121a8f627b1d0540323ef372a49
scripts.d/50-dav1d.sh	SCRIPT_REPO	https://code.videolan.org/videolan/dav1d.git	SCRIPT_COMMIT	9711965b60bb692ae24004659acf61f5c7d9ed61
scripts.d/50-ffnvcodec.sh	SCRIPT_REPO	https://github.com/FFmpeg/nv-codec-headers.git	SCRIPT_COMMIT	eddcea9e27f6b772057c9b3f87de2cc1737faffc
scripts.d/50-ffnvcodec.sh	SCRIPT_REPO2	https://github.com/FFmpeg/nv-codec-headers.git	SCRIPT_COMMIT2	ced4f8eba3ba5dd431932cba17928f0dffdaeb2b
scripts.d/50-ffnvcodec.sh	SCRIPT_REPO3	https://github.com/FFmpeg/nv-codec-headers.git	SCRIPT_COMMIT3	833faee5f7b8d3f56444347c587f4aed11ee213f
scripts.d/25-fftw3.sh	SCRIPT_REPO	https://github.com/FFTW/fftw3.git	SCRIPT_COMMIT	93ed4c786934aec9946f8dda4b4e3eb08f8be41c
scripts.d/25-fribidi.sh	SCRIPT_REPO	https://github.com/fribidi/fribidi.git	SCRIPT_COMMIT	4c914a92e94a9fe4f30ae83a1130099841566448
scripts.d/50-gme.sh	SCRIPT_REPO	https://github.com/libgme/game-music-emu.git	SCRIPT_COMMIT	f68963b1de0633149b05732113d3c3113c6f63a1
scripts.d/25-gmp.sh	SCRIPT_REPO	https://github.com/BtbN/gmplib.git	SCRIPT_COMMIT	763b40df71c0f4d5f5d7b33dc55038c8c9377ecf
scripts.d/50-kvazaar.sh	SCRIPT_REPO	https://github.com/ultravideo/kvazaar.git	SCRIPT_COMMIT	2b06691bb5844404c0e703f12a5d7b0fee914ec7
scripts.d/50-lcevcdec.sh	SCRIPT_REPO	https://github.com/v-novaltd/LCEVCdec.git	SCRIPT_COMMIT	17804ac54db8fbb42717f3275b1e73f3c0b067d3
scripts.d/45-libffi.sh	SCRIPT_REPO	https://github.com/libffi/libffi.git	SCRIPT_COMMIT	bc553867367246d140cd156f060bd0409f57f157
scripts.d/20-libiconv.sh	SCRIPT_MIRROR	git://git.git.savannah.gnu.org/libiconv.git	SCRIPT_COMMIT	1df3087ba8110c7f3ed3eb5f8869b814dbbe00b0
scripts.d/20-libiconv.sh	SCRIPT_MIRROR2	https://github.com/coreutils/gnulib.git	SCRIPT_COMMIT2	eb72eb6f75f5621c5d648acd11467fd124584617
scripts.d/20-libiconv.sh	SCRIPT_REPO	https://git.savannah.gnu.org/git/libiconv.git	SCRIPT_COMMIT	1df3087ba8110c7f3ed3eb5f8869b814dbbe00b0
scripts.d/20-libiconv.sh	SCRIPT_REPO2	https://git.savannah.gnu.org/git/gnulib.git	SCRIPT_COMMIT2	eb72eb6f75f5621c5d648acd11467fd124584617
scripts.d/50-libjxl/45-brotli.sh	SCRIPT_REPO	https://github.com/google/brotli.git	SCRIPT_COMMIT	a3abcbee0d945e51dddeec81e647ffe0cde182c2
scripts.d/50-libjxl/45-lcms2.sh	SCRIPT_REPO	https://github.com/mm2/Little-CMS.git	SCRIPT_COMMIT	a0b0d7a69b13b461bdbd9cff9f7f1d59ccd1858c
scripts.d/50-libjxl/50-libjxl.sh	SCRIPT_REPO	https://github.com/libjxl/libjxl.git	SCRIPT_COMMIT	b87738951c1254cd8cccaa6d47712ba735da56d8
scripts.d/25-libogg.sh	SCRIPT_REPO	https://github.com/xiph/ogg.git	SCRIPT_COMMIT	06a5e0262cdc28aa4ae6797627a783b5010440f0
scripts.d/50-libopus.sh	SCRIPT_REPO	https://github.com/xiph/opus.git	SCRIPT_COMMIT	503d81b138d76621aae4b12786e90de48aa8db3a
scripts.d/50-librist/40-mbedtls.sh	SCRIPT_REPO	https://github.com/ARMmbed/mbedtls.git	SCRIPT_COMMIT	v4.2.0
scripts.d/50-librist/50-librist.sh	SCRIPT_REPO	https://code.videolan.org/rist/librist.git	SCRIPT_COMMIT	4f45ef8f78983892d52ccd52d9f675435b23738f
scripts.d/45-libsamplerate.sh	SCRIPT_REPO	https://github.com/libsndfile/libsamplerate.git	SCRIPT_COMMIT	0844c208f683527c08ea8a80acc13b398aa9c8bf
scripts.d/45-libudfread.sh	SCRIPT_REPO	https://code.videolan.org/videolan/libudfread.git	SCRIPT_COMMIT	b0bc6957e7e07d5f35391f210596d9eb71cffdd9
scripts.d/45-libunibreak.sh	SCRIPT_REPO	https://github.com/adah1972/libunibreak.git	SCRIPT_COMMIT	28a2756b864c343f438cd22537d49d394d4666a5
scripts.d/50-libvpx.sh	SCRIPT_REPO	https://chromium.googlesource.com/webm/libvpx	SCRIPT_COMMIT	5e680f30801d03c21078f8c4b772464752516211
scripts.d/50-libwebp.sh	SCRIPT_REPO	https://chromium.googlesource.com/webm/libwebp	SCRIPT_COMMIT	5c168cd23b1872969c38e34b01b04dcf29849288
scripts.d/50-libzmq.sh	SCRIPT_REPO	https://github.com/zeromq/libzmq.git	SCRIPT_COMMIT	46493370217ac135246617fa2f6ac819d8b61bfc
scripts.d/50-lilv/96-lv2.sh	SCRIPT_REPO	https://github.com/lv2/lv2.git	SCRIPT_COMMIT	3c57dae600a5ad8d05acd53ee3490f7d91cb7be6
scripts.d/50-lilv/96-serd.sh	SCRIPT_REPO	https://github.com/drobilla/serd.git	SCRIPT_COMMIT	b6053bb2a4533e6a8e3821c1061f140d5e666938
scripts.d/50-lilv/96-zix.sh	SCRIPT_REPO	https://github.com/drobilla/zix.git	SCRIPT_COMMIT	17d632393f5addb6fa24dda2927b96515407cca7
scripts.d/50-lilv/97-sord.sh	SCRIPT_REPO	https://github.com/drobilla/sord.git	SCRIPT_COMMIT	4b5232bb91e7f2f1b84df384494d073fabbcd312
scripts.d/50-lilv/98-sratom.sh	SCRIPT_REPO	https://github.com/lv2/sratom.git	SCRIPT_COMMIT	9e8ee84eed502e6030ce8bb49694fd28542b08fc
scripts.d/50-lilv/99-lilv.sh	SCRIPT_REPO	https://github.com/lv2/lilv.git	SCRIPT_COMMIT	4b8f30055fa5cb4134a2eb45fc1555bc04289314
scripts.d/50-onevpl.sh	SCRIPT_REPO	https://github.com/intel/libvpl.git	SCRIPT_COMMIT	674d015bcb294bc39fa276e99a652ea045423e82
scripts.d/50-openal.sh	SCRIPT_REPO	https://github.com/kcat/openal-soft.git	SCRIPT_COMMIT	c89b8cf7bba4822f230c69f0a6696a52e5322dca
scripts.d/50-openapv.sh	SCRIPT_REPO	https://github.com/AcademySoftwareFoundation/openapv.git	SCRIPT_COMMIT	a58ce739be0dfb083643d929aee8f0e0ba9bdf63
scripts.d/45-opencl.sh	SCRIPT_REPO	https://github.com/KhronosGroup/OpenCL-Headers.git	SCRIPT_COMMIT	e6060189f4ebe8b52d885c37af71b9a50c272154
scripts.d/45-opencl.sh	SCRIPT_REPO2	https://github.com/KhronosGroup/OpenCL-ICD-Loader.git	SCRIPT_COMMIT2	5192c84f8059e5f703e5452929b613f9487f6e4c
scripts.d/50-opencore-amr.sh	SCRIPT_REPO	https://git.code.sf.net/p/opencore-amr/code	SCRIPT_COMMIT	7dba8c32238418ce0b316a852b2224df586ca896
scripts.d/50-openh264.sh	SCRIPT_REPO	https://github.com/cisco/openh264.git	SCRIPT_COMMIT	8b2d28faade10d74d99ac80e199aef664c9c5a3b
scripts.d/50-openjpeg.sh	SCRIPT_REPO	https://github.com/uclouvain/openjpeg.git	SCRIPT_COMMIT	8314119b067c0fc77834731168daaebd379fdb12
scripts.d/45-pcre2.sh	SCRIPT_REPO	https://github.com/PCRE2Project/pcre2.git	SCRIPT_COMMIT	09eb19dc1102b34e7557408f33318364cb97d2b0
scripts.d/45-pixman.sh	SCRIPT_REPO	https://gitlab.freedesktop.org/pixman/pixman.git	SCRIPT_COMMIT	96c04d1b87934dc4b9396197a2dff737698ab310
scripts.d/50-rav1e.sh	SCRIPT_REPO	https://github.com/xiph/rav1e.git	SCRIPT_COMMIT	31435de9d76fddd38f6dcc31d4014574cebb2092
scripts.d/50-snappy.sh	SCRIPT_REPO	https://github.com/google/snappy.git	SCRIPT_COMMIT	9c28114a38866f6deeaa826db918293bc28ae410
scripts.d/50-soxr.sh	SCRIPT_REPO	https://git.code.sf.net/p/soxr/code	SCRIPT_COMMIT	945b592b70470e29f917f4de89b4281fbbd540c0
scripts.d/50-svtav1.sh	SCRIPT_REPO	https://gitlab.com/AOMediaCodec/SVT-AV1.git	SCRIPT_COMMIT	5ed9ffbcb5086da23f30fe9bc5b00145358462da
scripts.d/50-twolame.sh	SCRIPT_REPO	https://github.com/njh/twolame.git	SCRIPT_COMMIT	6fced852d4d5cfad58cf9dbe3ea619b08e87d398
scripts.d/50-uavs3d.sh	SCRIPT_REPO	https://github.com/uavs3/uavs3d.git	SCRIPT_COMMIT	0e20d2c291853f196c68922a264bcd8471d75b68
scripts.d/50-vaapi/50-libva.sh	SCRIPT_REPO	https://github.com/intel/libva.git	SCRIPT_COMMIT	6b07f7100512817f736967e899b8c26313c20623
scripts.d/45-vmaf.sh	SCRIPT_REPO	https://github.com/Netflix/vmaf.git	SCRIPT_COMMIT	86da14d0306a138fd3f01319860b905169746516
scripts.d/47-vulkan/40-vulkan-headers.sh	SCRIPT_REPO	https://github.com/KhronosGroup/Vulkan-Headers.git	SCRIPT_COMMIT	v1.4.363
scripts.d/47-vulkan/45-vulkan-loader.sh	SCRIPT_REPO	https://github.com/BtbN/Vulkan-Shim-Loader.git	SCRIPT_COMMIT	65b3936528cd92eb4ea3de485d03f858a3850484
scripts.d/47-vulkan/45-vulkan-loader.sh	SCRIPT_REPO2	https://github.com/KhronosGroup/Vulkan-Headers.git	SCRIPT_COMMIT2	v1.4.363
scripts.d/47-vulkan/50-shaderc.sh	SCRIPT_REPO	https://github.com/google/shaderc.git	SCRIPT_COMMIT	a8abeb0b8a9d4b11e3d59ca9f4550b8213e733ab
scripts.d/47-vulkan/55-spirv-cross.sh	SCRIPT_REPO	https://github.com/KhronosGroup/SPIRV-Cross.git	SCRIPT_COMMIT	aa217aeb6c9f0ace7a0ab233b28807edf45eb165
scripts.d/47-vulkan/60-spirv-headers.sh	SCRIPT_REPO	https://github.com/KhronosGroup/SPIRV-Headers.git	SCRIPT_COMMIT	2b7475f6d664efbad4d4315c94ecec9640831e5b
scripts.d/50-vvenc.sh	SCRIPT_REPO	https://github.com/fraunhoferhhi/vvenc.git	SCRIPT_COMMIT	b1cfb2ad495af6ae4cc214b7a060e8b4166c4629
scripts.d/50-zimg.sh	SCRIPT_REPO	https://github.com/sekrit-twc/zimg.git	SCRIPT_COMMIT	67e0603271c080e22c8429856dd4a8a56587e61e
scripts.d/20-zlib.sh	SCRIPT_REPO	https://github.com/madler/zlib.git	SCRIPT_COMMIT	767c4c947852e143f582c85f14cf573411df1b35
scripts.d/50-aom.sh	SCRIPT_REPO	https://aomedia.googlesource.com/aom	SCRIPT_COMMIT	b4ce2cd097b00921b0327bfb5f07b5f8361ade99
scripts.d/50-chromaprint.sh	SCRIPT_REPO	https://github.com/acoustid/chromaprint.git	SCRIPT_COMMIT	aed8eba2202dd9d7b3b0a56c77904cc805490d72
scripts.d/50-libcurl.sh	SCRIPT_REPO	https://github.com/curl/curl.git	SCRIPT_COMMIT	4c67658f953751de9e66bb5f9729af821a641341
scripts.d/50-libmp3lame.sh	SCRIPT_REPO	https://svn.code.sf.net/p/lame/svn/trunk/lame	SCRIPT_REV	6835
scripts.d/50-libplacebo.sh	SCRIPT_REPO	https://code.videolan.org/videolan/libplacebo.git	SCRIPT_COMMIT	e2972fdd09adacd383656738d7d280f0cd84a761
scripts.d/25-libpng.sh	SCRIPT_REPO	https://github.com/glennrp/libpng.git	SCRIPT_COMMIT	964b4135949703b705fc760fc3fb546b86e5ab47
scripts.d/50-libtheora.sh	SCRIPT_REPO	https://github.com/xiph/theora.git	SCRIPT_COMMIT	28fd5ec77f0ad0e07a371cef1047828116f6bd8a
scripts.d/45-libvorbis.sh	SCRIPT_REPO	https://github.com/xiph/vorbis.git	SCRIPT_COMMIT	1b75110b5a2754ba1931d82dd83cb822b266a21d
scripts.d/25-libxml2.sh	SCRIPT_REPO	https://github.com/GNOME/libxml2.git	SCRIPT_COMMIT	91586dc6742ab335682235120363f6e126eea5e2
scripts.d/25-openssl.sh	SCRIPT_REPO	https://github.com/openssl/openssl.git	SCRIPT_COMMIT	openssl-3.6.4
scripts.d/50-sdl.sh	SCRIPT_REPO	https://github.com/libsdl-org/SDL.git	SCRIPT_COMMIT	b90ac95029d801c5abc59472ba8e2200dff31e1e
scripts.d/25-xz.sh	SCRIPT_REPO	https://github.com/tukaani-project/xz.git	SCRIPT_COMMIT	3b1efb04d17c3a9ef7f473d73af13f1531428ffe
scripts.d/50-zvbi.sh	SCRIPT_REPO	https://github.com/zapping-vbi/zvbi	SCRIPT_COMMIT	d3a5ee9f2b047bf16cd1ee5ccf6ec05ee75409d0
scripts.d/45-fonts/25-freetype.sh	SCRIPT_REPO	https://gitlab.freedesktop.org/freetype/freetype.git	SCRIPT_COMMIT	d333439633039de426f943f28a2926c7f97b5ae5
scripts.d/45-fonts/35-fontconfig.sh	SCRIPT_REPO	https://gitlab.freedesktop.org/fontconfig/fontconfig.git	SCRIPT_COMMIT	bd8f7b597de96761750d0365abb49b19d2f8d5c3
scripts.d/45-fonts/45-harfbuzz.sh	SCRIPT_REPO	https://github.com/harfbuzz/harfbuzz.git	SCRIPT_COMMIT	b3bab62307017934dd7f532c52a696fefb12b3ad
scripts.d/45-fonts/50-freetype.sh	SCRIPT_REPO	https://gitlab.freedesktop.org/freetype/freetype.git	SCRIPT_COMMIT	d333439633039de426f943f28a2926c7f97b5ae5
scripts.d/50-libaribb24.sh	SCRIPT_REPO	https://github.com/nkoriyama/aribb24.git	SCRIPT_COMMIT	5e9be272f96e00f15a2f3c5f8ba7e124862aec38
scripts.d/50-libssh.sh	SCRIPT_REPO	https://gitlab.com/libssh/libssh-mirror.git	SCRIPT_COMMIT	76e0a8639e61436c28d877586f65a7707edc6ee5
scripts.d/50-openmpt.sh	SCRIPT_REPO	https://github.com/OpenMPT/openmpt.git	SCRIPT_COMMIT	f83cedb0cd5446e4dfaa83ac97e3087107e26767
scripts.d/50-srt.sh	SCRIPT_REPO	https://github.com/Haivision/srt.git	SCRIPT_COMMIT	ff8ab25c57aece5b7351defe36dacc94fc28527f
scripts.d/50-libaribcaption.sh	SCRIPT_REPO	https://github.com/xqq/libaribcaption.git	SCRIPT_COMMIT	c64c23b8905ba514b87c9789269e9f66f949ffe0
scripts.d/50-libass.sh	SCRIPT_REPO	https://github.com/libass/libass.git	SCRIPT_COMMIT	f61db567e6593df3470e91594bcd4ad2d0473aff
scripts.d/50-libbluray.sh	SCRIPT_REPO	https://code.videolan.org/videolan/libbluray.git	SCRIPT_COMMIT	a24f4fad4d62893de647abc8671397747b2359dd
scripts.d/50-librsvg/10-glib.sh	SCRIPT_REPO	https://github.com/GNOME/glib.git	SCRIPT_COMMIT	5a124d1e66a6c2dc56989303b4d6d4781c2952ed
scripts.d/50-librsvg/20-cairo.sh	SCRIPT_REPO	https://gitlab.freedesktop.org/cairo/cairo.git	SCRIPT_COMMIT	74755964edef651691d5cd36ff140108298e4e6e
scripts.d/50-librsvg/30-pango.sh	SCRIPT_REPO	https://github.com/GNOME/pango.git	SCRIPT_COMMIT	8e74c27c113c98664b77272d16b14bbce542c184
scripts.d/50-librsvg/99-librsvg.sh	SCRIPT_REPO	https://github.com/GNOME/librsvg.git	SCRIPT_COMMIT	7612431eb02dc009319094f8513d63c1faaecfb4
