stage	candidate_path
scripts.d/50-ffnvcodec.sh	./ffnvcodec/include/ffnvcodec/dynlink_cuda.h
scripts.d/50-ffnvcodec.sh	./ffnvcodec/include/ffnvcodec/dynlink_cuviddec.h
scripts.d/50-ffnvcodec.sh	./ffnvcodec/include/ffnvcodec/dynlink_loader.h
scripts.d/50-ffnvcodec.sh	./ffnvcodec/include/ffnvcodec/dynlink_nvcuvid.h
scripts.d/50-ffnvcodec.sh	./ffnvcodec/include/ffnvcodec/nvEncodeAPI.h
scripts.d/50-ffnvcodec.sh	./ffnvcodec2/include/ffnvcodec/dynlink_cuda.h
scripts.d/50-ffnvcodec.sh	./ffnvcodec2/include/ffnvcodec/dynlink_cuviddec.h
scripts.d/50-ffnvcodec.sh	./ffnvcodec2/include/ffnvcodec/dynlink_loader.h
scripts.d/50-ffnvcodec.sh	./ffnvcodec2/include/ffnvcodec/dynlink_nvcuvid.h
scripts.d/50-ffnvcodec.sh	./ffnvcodec2/include/ffnvcodec/nvEncodeAPI.h
scripts.d/50-ffnvcodec.sh	./ffnvcodec3/include/ffnvcodec/dynlink_cuda.h
scripts.d/50-ffnvcodec.sh	./ffnvcodec3/include/ffnvcodec/dynlink_cuviddec.h
scripts.d/50-ffnvcodec.sh	./ffnvcodec3/include/ffnvcodec/dynlink_loader.h
scripts.d/50-ffnvcodec.sh	./ffnvcodec3/include/ffnvcodec/dynlink_nvcuvid.h
scripts.d/50-ffnvcodec.sh	./ffnvcodec3/include/ffnvcodec/nvEncodeAPI.h
