stage	locator_variable	revision	archive_sha256	candidate_path	candidate_sha256	candidate_final_newline	candidate_disposition	spdx_expression	binary_notice_requirement	notice_anchor	review_status	review_notes
scripts.d/50-ffnvcodec.sh	SCRIPT_REPO	eddcea9e27f6b772057c9b3f87de2cc1737faffc	ce3a3eb276ce26797ea19ce60a303982e75ddc144524edfeda7e46acec371e44	./ffnvcodec/include/ffnvcodec/dynlink_cuda.h	c970d5817120ea481ba29b9c603bdc9a386985d9fc98a47f6588030dcdba87c1	yes	shipped-license	MIT	required	file:ffmpeg/FFNVCODEC-dynlink_cuda.h.txt	reviewed	FFmpeg 9 uses the primary header set; the 2016 MIT notice is reproduced through an exact pinned primary-header package file.
scripts.d/50-ffnvcodec.sh	SCRIPT_REPO	eddcea9e27f6b772057c9b3f87de2cc1737faffc	ce3a3eb276ce26797ea19ce60a303982e75ddc144524edfeda7e46acec371e44	./ffnvcodec/include/ffnvcodec/dynlink_cuviddec.h	0d9f490e8699a2e000904275d9e380e7ee9945e5717b95f920358013153c6377	yes	shipped-license	MIT	required	file:ffmpeg/FFNVCODEC-dynlink_cuviddec.h.txt	reviewed	FFmpeg 9 uses the primary header set; the NVIDIA MIT notice is reproduced through an exact pinned primary-header package file.
scripts.d/50-ffnvcodec.sh	SCRIPT_REPO	eddcea9e27f6b772057c9b3f87de2cc1737faffc	ce3a3eb276ce26797ea19ce60a303982e75ddc144524edfeda7e46acec371e44	./ffnvcodec/include/ffnvcodec/dynlink_loader.h	144c0927b6009d5af34a3a7335b0c8c337eec287b4846dd3ac8519c06956662a	yes	shipped-license	MIT	required	file:ffmpeg/FFNVCODEC-dynlink_loader.h.txt	reviewed	FFmpeg 9 uses the primary header set; the 2016 MIT notice is reproduced through an exact pinned primary-header package file.
scripts.d/50-ffnvcodec.sh	SCRIPT_REPO	eddcea9e27f6b772057c9b3f87de2cc1737faffc	ce3a3eb276ce26797ea19ce60a303982e75ddc144524edfeda7e46acec371e44	./ffnvcodec/include/ffnvcodec/dynlink_nvcuvid.h	c1290075d5d881e98c8f14dc5a23953a792f56971b172cf84ee0bc7aab6d1aab	yes	shipped-license	MIT	required	file:ffmpeg/FFNVCODEC-dynlink_nvcuvid.h.txt	reviewed	FFmpeg 9 uses the primary header set; the NVIDIA MIT notice is reproduced through an exact pinned primary-header package file.
scripts.d/50-ffnvcodec.sh	SCRIPT_REPO	eddcea9e27f6b772057c9b3f87de2cc1737faffc	ce3a3eb276ce26797ea19ce60a303982e75ddc144524edfeda7e46acec371e44	./ffnvcodec/include/ffnvcodec/nvEncodeAPI.h	8776fddcb8febc6aec4d73989b1f21831eb30306bc583da55b4bf0c14a1dc228	yes	shipped-license	MIT	required	file:ffmpeg/FFNVCODEC-nvEncodeAPI.h.txt	reviewed	FFmpeg 9 uses the primary header set; the NVIDIA MIT notice is reproduced through an exact pinned primary-header package file.
scripts.d/50-ffnvcodec.sh	SCRIPT_REPO2	ced4f8eba3ba5dd431932cba17928f0dffdaeb2b	ce3a3eb276ce26797ea19ce60a303982e75ddc144524edfeda7e46acec371e44	./ffnvcodec2/include/ffnvcodec/dynlink_cuda.h	c970d5817120ea481ba29b9c603bdc9a386985d9fc98a47f6588030dcdba87c1	yes	not-built	-	not-applicable	-	reviewed	This compatibility branch is selected only for FFmpeg 8.0 or 8.1; packaged FFmpeg 9 does not install or compile it.
scripts.d/50-ffnvcodec.sh	SCRIPT_REPO2	ced4f8eba3ba5dd431932cba17928f0dffdaeb2b	ce3a3eb276ce26797ea19ce60a303982e75ddc144524edfeda7e46acec371e44	./ffnvcodec2/include/ffnvcodec/dynlink_cuviddec.h	1244165ea5521d4be865995eb1c49b8910f755d0ca35004e1c4010ef7f612143	yes	not-built	-	not-applicable	-	reviewed	This compatibility branch is selected only for FFmpeg 8.0 or 8.1; packaged FFmpeg 9 does not install or compile it.
scripts.d/50-ffnvcodec.sh	SCRIPT_REPO2	ced4f8eba3ba5dd431932cba17928f0dffdaeb2b	ce3a3eb276ce26797ea19ce60a303982e75ddc144524edfeda7e46acec371e44	./ffnvcodec2/include/ffnvcodec/dynlink_loader.h	dfbee3396c3fa92bff8a47ca600a698dea9f7bbad84a77343762fea362c35dd0	yes	not-built	-	not-applicable	-	reviewed	This compatibility branch is selected only for FFmpeg 8.0 or 8.1; packaged FFmpeg 9 does not install or compile it.
scripts.d/50-ffnvcodec.sh	SCRIPT_REPO2	ced4f8eba3ba5dd431932cba17928f0dffdaeb2b	ce3a3eb276ce26797ea19ce60a303982e75ddc144524edfeda7e46acec371e44	./ffnvcodec2/include/ffnvcodec/dynlink_nvcuvid.h	2141dade75f3178520092dce2c02df9b47c4b19036b56bb9316bd83a07bf16f1	yes	not-built	-	not-applicable	-	reviewed	This compatibility branch is selected only for FFmpeg 8.0 or 8.1; packaged FFmpeg 9 does not install or compile it.
scripts.d/50-ffnvcodec.sh	SCRIPT_REPO2	ced4f8eba3ba5dd431932cba17928f0dffdaeb2b	ce3a3eb276ce26797ea19ce60a303982e75ddc144524edfeda7e46acec371e44	./ffnvcodec2/include/ffnvcodec/nvEncodeAPI.h	4fe4094541ef0f8a13249d97a8692dc5f835a6e9dd42eeadb3e2f7321d54dc7e	yes	not-built	-	not-applicable	-	reviewed	This compatibility branch is selected only for FFmpeg 8.0 or 8.1; packaged FFmpeg 9 does not install or compile it.
scripts.d/50-ffnvcodec.sh	SCRIPT_REPO3	833faee5f7b8d3f56444347c587f4aed11ee213f	ce3a3eb276ce26797ea19ce60a303982e75ddc144524edfeda7e46acec371e44	./ffnvcodec3/include/ffnvcodec/dynlink_cuda.h	c970d5817120ea481ba29b9c603bdc9a386985d9fc98a47f6588030dcdba87c1	yes	not-built	-	not-applicable	-	reviewed	This compatibility branch is selected only for FFmpeg below 8.0; packaged FFmpeg 9 does not install or compile it.
scripts.d/50-ffnvcodec.sh	SCRIPT_REPO3	833faee5f7b8d3f56444347c587f4aed11ee213f	ce3a3eb276ce26797ea19ce60a303982e75ddc144524edfeda7e46acec371e44	./ffnvcodec3/include/ffnvcodec/dynlink_cuviddec.h	242aac704cb3c3f63506c82ec1445f432eb8032307f5a0a9a420d087ae131876	yes	not-built	-	not-applicable	-	reviewed	This compatibility branch is selected only for FFmpeg below 8.0; packaged FFmpeg 9 does not install or compile it.
scripts.d/50-ffnvcodec.sh	SCRIPT_REPO3	833faee5f7b8d3f56444347c587f4aed11ee213f	ce3a3eb276ce26797ea19ce60a303982e75ddc144524edfeda7e46acec371e44	./ffnvcodec3/include/ffnvcodec/dynlink_loader.h	dfbee3396c3fa92bff8a47ca600a698dea9f7bbad84a77343762fea362c35dd0	yes	not-built	-	not-applicable	-	reviewed	This compatibility branch is selected only for FFmpeg below 8.0; packaged FFmpeg 9 does not install or compile it.
scripts.d/50-ffnvcodec.sh	SCRIPT_REPO3	833faee5f7b8d3f56444347c587f4aed11ee213f	ce3a3eb276ce26797ea19ce60a303982e75ddc144524edfeda7e46acec371e44	./ffnvcodec3/include/ffnvcodec/dynlink_nvcuvid.h	5df13ba2328c5fde63fb41464a358af094360527199cc916666e4bfd7fa60b21	yes	not-built	-	not-applicable	-	reviewed	This compatibility branch is selected only for FFmpeg below 8.0; packaged FFmpeg 9 does not install or compile it.
scripts.d/50-ffnvcodec.sh	SCRIPT_REPO3	833faee5f7b8d3f56444347c587f4aed11ee213f	ce3a3eb276ce26797ea19ce60a303982e75ddc144524edfeda7e46acec371e44	./ffnvcodec3/include/ffnvcodec/nvEncodeAPI.h	be0c29a41ae3260fd016a9001fd959e747bac93ad21411759736abba4ffdea86	yes	not-built	-	not-applicable	-	reviewed	This compatibility branch is selected only for FFmpeg below 8.0; packaged FFmpeg 9 does not install or compile it.
scripts.d/25-fftw3.sh	SCRIPT_REPO	93ed4c786934aec9946f8dda4b4e3eb08f8be41c	1add2d27694b8a1d38695cc04716f31de8024af475332665b8d71d173ace7d60	./COPYING	231f7edcc7352d7734a96eef0b8030f77982678c516876fcb81e25b32d68564c	yes	build-only	-	not-applicable	-	reviewed	The recipe builds and installs static FFTW into the build prefix, but the packaged FFmpeg configuration does not enable libfftw3 and disables librubberband; FFTW is not incorporated into or shipped with the package.
scripts.d/25-fftw3.sh	SCRIPT_REPO	93ed4c786934aec9946f8dda4b4e3eb08f8be41c	1add2d27694b8a1d38695cc04716f31de8024af475332665b8d71d173ace7d60	./COPYRIGHT	8a74b35d541d93fdf58a22a3d3baa48ae3edbf6d715edfeb6457c21968ae43ac	yes	build-only	-	not-applicable	-	reviewed	The GPL-2.0-or-later source notice belongs to build-only FFTW; the packaged FFmpeg configuration omits libfftw3 and disables its librubberband consumer.
scripts.d/25-fftw3.sh	SCRIPT_REPO	93ed4c786934aec9946f8dda4b4e3eb08f8be41c	1add2d27694b8a1d38695cc04716f31de8024af475332665b8d71d173ace7d60	./doc/license.texi	68f733830a3b4dbf66815ca54b5637015517848c5f32f38f1ea2057782161a77	yes	build-only	-	not-applicable	-	reviewed	The disabled documentation repeats FFTW's GPL-2.0-or-later and commercial-license explanation; neither the documentation nor FFTW code is shipped in the package.
scripts.d/25-fribidi.sh	SCRIPT_REPO	4c914a92e94a9fe4f30ae83a1130099841566448	12227c2fecfc4aa6dc8d48e6927df7b47405083d3ab4029a69e8947ab9a16b13	./COPYING	20e50fe7aae3e56378ebf0417d9de904f55a0e61e4df315333e632a4d3555d95	yes	shipped-license	LGPL-2.1-or-later	required	file:ffmpeg/FRIBIDI-COPYING.txt	reviewed	The recipe statically builds FriBidi and enables libfribidi in packaged FFmpeg; source headers grant LGPL-2.1-or-later and the exact pinned COPYING file is packaged.
scripts.d/45-libsamplerate.sh	SCRIPT_REPO	0844c208f683527c08ea8a80acc13b398aa9c8bf	51c5ce95123bb5c76167c202b269ec94f14c852056ca509dae5da86611f7ca6d	./COPYING	2c1f76ce2effdddb425018405d5690c0b1ab4e6976e35296b0a6db65c5e1a55d	yes	build-only	-	not-applicable	-	reviewed	The recipe builds a static libsamplerate in the build prefix, but packaged FFmpeg has no libsamplerate option and disables librubberband; the library is not incorporated into or shipped with the package.
scripts.d/45-libsamplerate.sh	SCRIPT_REPO	0844c208f683527c08ea8a80acc13b398aa9c8bf	51c5ce95123bb5c76167c202b269ec94f14c852056ca509dae5da86611f7ca6d	./docs/license.md	9722032e4b5684f0ecd399480183a9029623636add1e9515621defaf8dbcf3ed	yes	build-only	-	not-applicable	-	reviewed	The documentation explains the 2016 relicensing to BSD-2-Clause, but documentation and build-only libsamplerate code are absent from the distributed package.
scripts.d/50-dav1d.sh	SCRIPT_REPO	9711965b60bb692ae24004659acf61f5c7d9ed61	d1da81f4b555e03896f97262dd983bfc533a479af6ac97f93304e44b75bd4875	./COPYING	dd92c3c2247c5651606fc23a5e2d6a1ebc5ace9a3e49cbde0e12f05ad1cb1ee5	yes	shipped-license	BSD-2-Clause	required	file:ffmpeg/DAV1D-COPYING.txt	reviewed	The recipe statically builds dav1d and enables libdav1d in packaged FFmpeg; the exact BSD-2-Clause file is packaged for binary redistribution.
scripts.d/50-dav1d.sh	SCRIPT_REPO	9711965b60bb692ae24004659acf61f5c7d9ed61	d1da81f4b555e03896f97262dd983bfc533a479af6ac97f93304e44b75bd4875	./doc/PATENTS	335eca574598bf4ca181b12f708d6669e5a5e78c8e1513e5b35fa1f03901484b	yes	shipped-notice	-	required	file:ffmpeg/DAV1D-PATENTS.txt	reviewed	The AOMedia Patent License 1.0 requires reproduction with binary implementations; the exact pinned file is packaged without asserting independent patent clearance.
scripts.d/10-mingw-std-threads.sh	SCRIPT_REPO	c931bac289dd431f1dd30fc4a5d1a7be36668073	0598157441d86275d66013d460724d3924d91feefe02585d3159e9182a427092	./LICENSE	86c148320eb0acc26607ed347e0fde9f49a236d0ec5291d36dc6a7e0e1d26b9f	yes	shipped-license	BSD-2-Clause	required	mingw-std-threads source license SHA-256: 86c148320eb0acc26607ed347e0fde9f49a236d0ec5291d36dc6a7e0e1d26b9f	reviewed	The pinned recipe copies the project headers into the toolchain include directory, so the binary distribution reproduces the complete BSD notice.
scripts.d/20-zlib.sh	SCRIPT_REPO	767c4c947852e143f582c85f14cf573411df1b35	e431b209edbe94e6183ae0b0a15ee52172a87bde10185da7d73fe3cb9bbe88cd	./LICENSE	e32ff4e00d9d94930537635291da39e7e612703334bf6fde8c7f1686fe8a45a2	yes	shipped-license	Zlib	not-required	-	reviewed	The root build compiles zlib itself; acknowledgment in product documentation is appreciated but not required, while source redistributions must retain the notice.
scripts.d/20-zlib.sh	SCRIPT_REPO	767c4c947852e143f582c85f14cf573411df1b35	e431b209edbe94e6183ae0b0a15ee52172a87bde10185da7d73fe3cb9bbe88cd	./contrib/dotzlib/LICENSE_1_0.txt	36266a8fd073568394cb81cdb2b124f7fdae2c64c1a7ed09db34b4d22efa2951	no	not-built	-	not-applicable	-	reviewed	The pinned recipe invokes zlib's root configure and make targets; it does not build or install contrib/dotzlib.
scripts.d/20-zlib.sh	SCRIPT_REPO	767c4c947852e143f582c85f14cf573411df1b35	e431b209edbe94e6183ae0b0a15ee52172a87bde10185da7d73fe3cb9bbe88cd	./contrib/minizip/LICENSE.Info-Zip	fc686023047ce5ce3a18a9b8a777156f0e475929d3de06bac279f3c025d2b2ca	yes	not-built	-	not-applicable	-	reviewed	The pinned recipe invokes zlib's root configure and make targets; it does not build or install contrib/minizip.
scripts.d/25-libpng.sh	SCRIPT_REPO	964b4135949703b705fc760fc3fb546b86e5ab47	4369fff3900c4d40df0b4bc7cfe39d54fc319556ffd063a10a2fbd30a65b7cc1	./LICENSE.md	bdb0a645ea18c60507d0368379b1ac5474b92255fcc2d115e07486a7672ba526	yes	shipped-license	libpng-2.0	not-required	-	reviewed	The static library sources identify the libpng license; product acknowledgment is appreciated but not required, while source distributions must retain the notice.
scripts.d/25-libpng.sh	SCRIPT_REPO	964b4135949703b705fc760fc3fb546b86e5ab47	4369fff3900c4d40df0b4bc7cfe39d54fc319556ffd063a10a2fbd30a65b7cc1	./LICENSES/MIT-0.txt	8876cdca96eb380d16d5ea32bf4529d85e87dedc7765ae2861a9bec7f34acbed	yes	not-built	-	not-applicable	-	reviewed	REUSE.toml maps MIT-0 only to .github/workflows/**; those automation files are not compiled or installed by the pinned recipe.
scripts.d/25-libpng.sh	SCRIPT_REPO	964b4135949703b705fc760fc3fb546b86e5ab47	4369fff3900c4d40df0b4bc7cfe39d54fc319556ffd063a10a2fbd30a65b7cc1	./LICENSES/MIT.txt	508a77d2e7b51d98adeed32648ad124b7b30241a8e70b2e72c99f92d8e5874d1	yes	not-built	-	not-applicable	-	reviewed	REUSE.toml maps MIT only to ci/**; CI support files are not compiled or installed by the pinned recipe.
scripts.d/25-libpng.sh	SCRIPT_REPO	964b4135949703b705fc760fc3fb546b86e5ab47	4369fff3900c4d40df0b4bc7cfe39d54fc319556ffd063a10a2fbd30a65b7cc1	./contrib/gregbook/COPYING	d6cb0e9e560f51085556949a84af12b79a00f10ab8b66c752537faf7cd665572	yes	not-built	-	not-applicable	-	reviewed	The pinned root configure/make/install recipe does not build or install contrib/gregbook.
scripts.d/25-libpng.sh	SCRIPT_REPO	964b4135949703b705fc760fc3fb546b86e5ab47	4369fff3900c4d40df0b4bc7cfe39d54fc319556ffd063a10a2fbd30a65b7cc1	./contrib/gregbook/LICENSE	b6a03c1803eb58ffb1f1278d5c7d4096c4c116e66dce8a7553e8c77d163c3438	yes	not-built	-	not-applicable	-	reviewed	The pinned root configure/make/install recipe does not build or install contrib/gregbook.
scripts.d/25-libpng.sh	SCRIPT_REPO	964b4135949703b705fc760fc3fb546b86e5ab47	4369fff3900c4d40df0b4bc7cfe39d54fc319556ffd063a10a2fbd30a65b7cc1	./contrib/pngexif/LICENSE_MIT.txt	508a77d2e7b51d98adeed32648ad124b7b30241a8e70b2e72c99f92d8e5874d1	yes	not-built	-	not-applicable	-	reviewed	The pinned root configure/make/install recipe does not build or install contrib/pngexif.
scripts.d/25-libpng.sh	SCRIPT_REPO	964b4135949703b705fc760fc3fb546b86e5ab47	4369fff3900c4d40df0b4bc7cfe39d54fc319556ffd063a10a2fbd30a65b7cc1	./contrib/pngminus/LICENSE.txt	1806f1f10d393e9e377b3a8d1b968452b54f1a90378f14eeef45426946ace330	yes	not-built	-	not-applicable	-	reviewed	The pinned root configure/make/install recipe does not build or install contrib/pngminus.
scripts.d/25-libogg.sh	SCRIPT_REPO	06a5e0262cdc28aa4ae6797627a783b5010440f0	bfd63da9b7db6f7823a5ee3be55cf0da0934b36a6d00356dfce53ccaa5113ea4	./COPYING	d2ab5758336489da61c12cc5bb757da5339c4ae9001f9bb0562b4370249af814	yes	shipped-license	BSD-3-Clause	required	libogg source license SHA-256: d2ab5758336489da61c12cc5bb757da5339c4ae9001f9bb0562b4370249af814	reviewed	Binary redistribution must reproduce the copyright notice, conditions, and disclaimer; the endorsement restriction is preserved verbatim in the packaged notice.
scripts.d/45-libffi.sh	SCRIPT_REPO	bc553867367246d140cd156f060bd0409f57f157	3b5df254d67e60bb2f7d031c43d81d9837b7b6065c1cff5b0d04642f0baa3701	./LICENSE	17b64dc60f3b6897a60f971e288b973f655c2edcdf08b25f3c3dd5549857881c	yes	shipped-license	MIT	required	libffi source license SHA-256: 17b64dc60f3b6897a60f971e288b973f655c2edcdf08b25f3c3dd5549857881c	reviewed	The pinned recipe builds and installs the static libffi library, so its complete MIT notice is reproduced for the binary distribution.
scripts.d/45-libffi.sh	SCRIPT_REPO	bc553867367246d140cd156f060bd0409f57f157	3b5df254d67e60bb2f7d031c43d81d9837b7b6065c1cff5b0d04642f0baa3701	./LICENSE-BUILDTOOLS	e67978cd18816c0cb7d29aaaacde7b7447402c2fb321a051698890a8eaedda94	yes	not-built	-	not-applicable	-	reviewed	The candidate identifies GPL-covered MSVC/Sun/test tooling that is not part of libffi; the pinned GNU cross-build does not invoke those tools or run the testsuite, and none is installed.
scripts.d/45-libunibreak.sh	SCRIPT_REPO	28a2756b864c343f438cd22537d49d394d4666a5	6aa7b8d61582327ca40d3dd0e51a4ab10a6fec1caefa370837b546fecd8854e5	./LICENCE	0c57e2ec42ece17791a75d2f9b2f8e0663181be008667a507f765b3ef22522db	yes	shipped-license	Zlib	not-required	-	reviewed	The library uses the zlib license; product acknowledgment is appreciated but not required, and the corresponding-source archive retains the notice.
scripts.d/50-amf.sh	SCRIPT_REPO	6277e353fd625121a8f627b1d0540323ef372a49	6ee153b3e023cedd29d1bd1c51f58c3153f7aba97b489a696ed031bb90db75c1	./LICENSE.txt	eb297397aaa455b5668ab67d216b83828466152dab123fa92384c6ec16b74170	yes	shipped-license	MIT	required	file:ffmpeg/AMF-LICENSE.txt	reviewed	The recipe removes Thirdparty and installs AMF public headers; the exact CRLF upstream file preserves both the MIT terms and AMD standards/patent notice without asserting patent clearance.
scripts.d/50-libopus.sh	SCRIPT_REPO	503d81b138d76621aae4b12786e90de48aa8db3a	6ac421dde15db88d42863ecf089f809d990f8169b955c62ba0c7d0824892ba7b	./COPYING	01e1167d54a096d123cf6dfbbeb19587278845c6481d2d66d545669846079551	yes	shipped-license	BSD-3-Clause	required	libopus source license SHA-256: 01e1167d54a096d123cf6dfbbeb19587278845c6481d2d66d545669846079551	reviewed	The BSD copyright terms are reviewed and reproduced; the cited third-party patent IPR terms remain a separate release review.
scripts.d/50-libopus.sh	SCRIPT_REPO	503d81b138d76621aae4b12786e90de48aa8db3a	6ac421dde15db88d42863ecf089f809d990f8169b955c62ba0c7d0824892ba7b	./LICENSE_PLEASE_READ.txt	7efb4989e0cd1b256229bdf2f09300c5d14e35db0e7476bfb87fac243498273d	yes	shipped-notice	-	informational	libopus supplemental notice SHA-256: 7efb4989e0cd1b256229bdf2f09300c5d14e35db0e7476bfb87fac243498273d	reviewed	The collaboration and patent-reference notice is preserved verbatim for release review without asserting that the linked patent terms have been adjudicated.
scripts.d/50-openh264.sh	SCRIPT_REPO	8b2d28faade10d74d99ac80e199aef664c9c5a3b	c34266ed6a013e38c550f346ac30faeb027cf13a07f0335ad3256891b8aae06e	./LICENSE	dd5c1c9668512530fa5a96e4c29ac4033d70a7eeb0eed7a42fddb6dd794ebdbb	no	shipped-license	BSD-2-Clause	required	OpenH264 source license SHA-256: dd5c1c9668512530fa5a96e4c29ac4033d70a7eeb0eed7a42fddb6dd794ebdbb	reviewed	Binary redistribution must reproduce the copyright notice, conditions, and disclaimer; codec patent/licensing review remains separate.
scripts.d/50-openjpeg.sh	SCRIPT_REPO	8314119b067c0fc77834731168daaebd379fdb12	0afa75be6fe13bf8875e43a082e7a199ff00a15d251e18582745bbde9165c279	./LICENSE	a6af136f3e15038a666b61f376612a07d9a4e48cb7c01adbf3e33b3f14ab49b6	yes	shipped-license	BSD-2-Clause	required	file:ffmpeg/OPENJPEG-LICENSE.txt	reviewed	The static OpenJPEG library is built and installed; its exact BSD notice is packaged byte-for-byte, while the upstream patent-rights caveat remains a separate release review.
scripts.d/50-openjpeg.sh	SCRIPT_REPO	8314119b067c0fc77834731168daaebd379fdb12	0afa75be6fe13bf8875e43a082e7a199ff00a15d251e18582745bbde9165c279	./src/bin/wx/OPJViewer/source/license.txt	8081c33f6953950dcf424aa844714658b73ada0fcaea16e4487f5fa07ef0960d	no	not-built	-	not-applicable	-	reviewed	The pinned recipe sets BUILD_CODEC=OFF, so OPJViewer and its source are not built or installed.
scripts.d/50-openjpeg.sh	SCRIPT_REPO	8314119b067c0fc77834731168daaebd379fdb12	0afa75be6fe13bf8875e43a082e7a199ff00a15d251e18582745bbde9165c279	./thirdparty/astyle/LICENSE.md	2e8480e753b7a1d100c80920f4250b1bc9f93a18c6a5953c42b11445218cd0fb	yes	not-built	-	not-applicable	-	reviewed	The pinned recipe sets WITH_ASTYLE=OFF; bundled astyle source is not built or installed.
scripts.d/50-openjpeg.sh	SCRIPT_REPO	8314119b067c0fc77834731168daaebd379fdb12	0afa75be6fe13bf8875e43a082e7a199ff00a15d251e18582745bbde9165c279	./thirdparty/liblcms2/COPYING	c725daac91a9259ce5e195683c0eeb797d345035c36ac5ba114c9fa80e11639a	yes	not-built	-	not-applicable	-	reviewed	The pinned recipe builds only the library with BUILD_CODEC=OFF and BUILD_TESTING=OFF; bundled lcms2 is not built or installed.
scripts.d/50-openjpeg.sh	SCRIPT_REPO	8314119b067c0fc77834731168daaebd379fdb12	0afa75be6fe13bf8875e43a082e7a199ff00a15d251e18582745bbde9165c279	./thirdparty/libpng/LICENSE	7317e078e2d3b5d7ba5a6159e650945153262b44b76f6700f8e9edb261c5143e	yes	not-built	-	not-applicable	-	reviewed	The pinned recipe builds only the library with BUILD_CODEC=OFF and BUILD_TESTING=OFF; bundled libpng is not built or installed.
scripts.d/50-snappy.sh	SCRIPT_REPO	9c28114a38866f6deeaa826db918293bc28ae410	fa1dfbee5e27f3b4a1909a69d9acfe111f589ee30c08fb776864eba2b6b3ff1c	./COPYING	55172044f7e241207117448a4d9d6ba1d0925c8ad66b5d4c08c70adfa9cc3de6	yes	not-built	-	not-applicable	-	reviewed	The pinned recipe disables tests, benchmarks, and fuzzing; this broader notice adds terms for testdata that is not compiled or installed, while COPYING.notestdata covers the shipped library.
scripts.d/50-snappy.sh	SCRIPT_REPO	9c28114a38866f6deeaa826db918293bc28ae410	fa1dfbee5e27f3b4a1909a69d9acfe111f589ee30c08fb776864eba2b6b3ff1c	./COPYING.notestdata	5221a36a801b981fbdfda7b87db64cff231a3b88223a066c325411b539df796f	yes	shipped-license	BSD-3-Clause	required	snappy source license SHA-256: 5221a36a801b981fbdfda7b87db64cff231a3b88223a066c325411b539df796f	reviewed	The pinned build disables all testdata consumers and uses the upstream no-testdata BSD notice for the shipped static library.
scripts.d/50-twolame.sh	SCRIPT_REPO	6fced852d4d5cfad58cf9dbe3ea619b08e87d398	e6de6cd44fc16b75d09e29109aa60af003c5ed32c0e2a932c9aae526f430d5f8	./COPYING	257a842724705950b07da76ce0e22ffa80ec77b3e9dfc6702522ac342409da0f	yes	shipped-license	LGPL-2.1-or-later	required	file:ffmpeg/TWOLAME-COPYING.txt	reviewed	TwoLAME's source headers license the library under LGPL 2.1 or any later version; the package carries the exact COPYING bytes from the pinned revision because FFmpeg's LGPLv3 license file is not a substitute.
scripts.d/50-gme.sh	SCRIPT_REPO	f68963b1de0633149b05732113d3c3113c6f63a1	2fd63b523157a31b2e04f4f17770f2590b9cacf1d03cdc30aed0e7b25e3bcd58	./gme/ext/LICENSE	8fb093f26ed0d78c8ca033bbec7063ac5b34c5d2475e6bd121d03ccfaaf2355f	yes	shipped-license	MIT	required	file:ffmpeg/GME-EMU2413-LICENSE.txt	reviewed	The default GME build compiles gme/ext/emu2413.c into libgme, so its exact MIT notice is packaged.
scripts.d/50-gme.sh	SCRIPT_REPO	f68963b1de0633149b05732113d3c3113c6f63a1	2fd63b523157a31b2e04f4f17770f2590b9cacf1d03cdc30aed0e7b25e3bcd58	./license.gpl2.txt	8177f97513213526df2cf6184d8ff986c675afb514d4e68a404010521b880643	yes	not-built	-	not-applicable	-	reviewed	The GPLv2 MAME YM2612 implementation is an unselected alternative; the recipe leaves GME_YM2612_EMU at its LGPL Nuked default.
scripts.d/50-gme.sh	SCRIPT_REPO	f68963b1de0633149b05732113d3c3113c6f63a1	2fd63b523157a31b2e04f4f17770f2590b9cacf1d03cdc30aed0e7b25e3bcd58	./license.txt	d2efc89fbb7533572a472d34e07964951810a3a4f8d3159ecc2dcaa1452c5c26	yes	shipped-license	LGPL-2.1-or-later	required	file:ffmpeg/GME-LICENSE.txt	reviewed	The static libgme selected by the recipe is linked into packaged FFmpeg; the exact LGPL text is packaged and corresponding-source obligations remain a release gate.
scripts.d/25-gmp.sh	SCRIPT_REPO	763b40df71c0f4d5f5d7b33dc55038c8c9377ecf	4f0e1dd0ae69199390f511e52646c7df1462914de81205306ad727e64d385a4a	./COPYING.LESSERv3	a853c2ffec17057872340eee242ae4d96cbf2b520ae27d903e1b2fef1a5f9d1c	yes	shipped-license	LGPL-3.0-or-later	required	file:ffmpeg/GMP-COPYING.LESSERv3.txt	reviewed	The recipe statically builds GMP and packaged FFmpeg enables it; SPLICR selects GMP's LGPL-3.0-or-later option and retains its exact terms.
scripts.d/25-gmp.sh	SCRIPT_REPO	763b40df71c0f4d5f5d7b33dc55038c8c9377ecf	4f0e1dd0ae69199390f511e52646c7df1462914de81205306ad727e64d385a4a	./COPYINGv2	8177f97513213526df2cf6184d8ff986c675afb514d4e68a404010521b880643	yes	shipped-notice	-	informational	file:ffmpeg/GMP-COPYINGv2.txt	reviewed	GMP also offers a GPL-2.0-or-later alternative; the distribution selects LGPL-3.0-or-later but preserves this exact upstream alternative-license text for completeness.
scripts.d/25-gmp.sh	SCRIPT_REPO	763b40df71c0f4d5f5d7b33dc55038c8c9377ecf	4f0e1dd0ae69199390f511e52646c7df1462914de81205306ad727e64d385a4a	./COPYINGv3	e6037104443f9a7829b2aa7c5370d0789a7bda3ca65a0b904cdc0c2e285d9195	yes	shipped-notice	-	required	file:ffmpeg/GMP-COPYINGv3.txt	reviewed	LGPLv3 incorporates GPLv3 terms; the exact GPLv3 text accompanying this pinned GMP source is therefore packaged with the LGPL supplement.
scripts.d/50-kvazaar.sh	SCRIPT_REPO	2b06691bb5844404c0e703f12a5d7b0fee914ec7	43782c9429509b39f1035d6ab1369f719658f4ab69bd8f858ac13f9dbf458f6c	./LICENSE	3c1dc3d7f8a3d08c14f4fbe9942f45764d8a21a3296e8d83446f33fd65f21c38	yes	shipped-license	BSD-3-Clause	required	file:ffmpeg/KVAZAAR-LICENSE.txt	reviewed	The recipe builds static libkvazaar and packaged FFmpeg enables libkvazaar; its exact BSD notice is packaged without claiming codec patent clearance.
scripts.d/50-kvazaar.sh	SCRIPT_REPO	2b06691bb5844404c0e703f12a5d7b0fee914ec7	43782c9429509b39f1035d6ab1369f719658f4ab69bd8f858ac13f9dbf458f6c	./LICENSE.EXT.greatest	16f569c87d5ec20b7474b55ee0a8877b8f8b4dc13f9567ebe0b8fe8afdeb34d2	yes	not-built	-	not-applicable	-	reviewed	Greatest is referenced only by Automake check_PROGRAMS tests; the recipe runs make and make install, not make check, so it is absent from libkvazaar and the package.
scripts.d/50-kvazaar.sh	SCRIPT_REPO	2b06691bb5844404c0e703f12a5d7b0fee914ec7	43782c9429509b39f1035d6ab1369f719658f4ab69bd8f858ac13f9dbf458f6c	./src/threadwrapper/LICENSE	e4c9f82e9970cded92135cdc88f8a2f8e35b6d2fdb5fd879ea713cadfd6fbac3	no	not-built	-	not-applicable	-	reviewed	The selected Autotools build lists src/threadwrapper only under EXTRA_DIST and does not compile it into libkvazaar.
scripts.d/50-lcevcdec.sh	SCRIPT_REPO	17804ac54db8fbb42717f3275b1e73f3c0b067d3	355bce88a88dd9df9191288f421095697d3cc6b91c39e1cadb7b60b91ae5b57e	./COPYING	3afa5369b4fb44e18280b6e0e275971f78bc6eaf5f53553f41f2483fd8b1267e	yes	shipped-notice	-	required	file:ffmpeg/LCEVCDEC-COPYING.txt	reviewed	The upstream additional licensing information requires preservation and explicitly grants no patent license; the exact text is packaged without asserting patent clearance.
scripts.d/50-lcevcdec.sh	SCRIPT_REPO	17804ac54db8fbb42717f3275b1e73f3c0b067d3	355bce88a88dd9df9191288f421095697d3cc6b91c39e1cadb7b60b91ae5b57e	./LICENSE.md	14358b0ecf6e7036c211c10f0f25563c94483dee7b8c7c954e09e10f3771d0af	yes	shipped-license	BSD-3-Clause-Clear	required	file:ffmpeg/LCEVCDEC-LICENSE.md	reviewed	The Clear BSD LCEVCdec core is statically incorporated because packaged FFmpeg enables liblcevc-dec; the exact license is packaged.
scripts.d/50-lcevcdec.sh	SCRIPT_REPO	17804ac54db8fbb42717f3275b1e73f3c0b067d3	355bce88a88dd9df9191288f421095697d3cc6b91c39e1cadb7b60b91ae5b57e	./licenses/FFmpeg/LICENSE.md	cb48bf09a11f5fb576cddb0431c8f5ed0a60157a9ec942adffc13907cbe083f2	yes	not-built	-	not-applicable	-	reviewed	LCEVCdec adds its utility and FFmpeg-libs dependency only for executables or tests; both are disabled by the recipe.
scripts.d/50-lcevcdec.sh	SCRIPT_REPO	17804ac54db8fbb42717f3275b1e73f3c0b067d3	355bce88a88dd9df9191288f421095697d3cc6b91c39e1cadb7b60b91ae5b57e	./licenses/conan-center-index/LICENSE.txt	b35b9e39a7900cbd38190afff863f5a4eb2f04c8f9ceaff7afdb0523185f57c9	yes	not-built	-	not-applicable	-	reviewed	The BtbN recipe invokes CMake directly with its cross-toolchain and does not execute the repository's Conan packaging recipes.
scripts.d/50-lcevcdec.sh	SCRIPT_REPO	17804ac54db8fbb42717f3275b1e73f3c0b067d3	355bce88a88dd9df9191288f421095697d3cc6b91c39e1cadb7b60b91ae5b57e	./licenses/emscripten/licence.txt	06f2e6c024612605fc3c803b192983a26f19404eb54d78e399190d90ed32ac78	yes	not-built	-	not-applicable	-	reviewed	The target is win64 with the BtbN MinGW toolchain, so the Emscripten toolchain and wrapper path are not used.
scripts.d/50-lcevcdec.sh	SCRIPT_REPO	17804ac54db8fbb42717f3275b1e73f3c0b067d3	355bce88a88dd9df9191288f421095697d3cc6b91c39e1cadb7b60b91ae5b57e	./licenses/fmt/LICENSE	07580f2a3b35709ce703d523f447b242f6dfec7582a8c0df102c7fa2849375f8	yes	not-built	-	not-applicable	-	reviewed	fmt is required only by LCEVCdec utility/sample targets; the recipe disables executables and tests, so that subtree is not added.
scripts.d/50-lcevcdec.sh	SCRIPT_REPO	17804ac54db8fbb42717f3275b1e73f3c0b067d3	355bce88a88dd9df9191288f421095697d3cc6b91c39e1cadb7b60b91ae5b57e	./licenses/gradle/LICENSE	cf234c4188d773406f640bf89be680d9288f40ff96901c70d643fcea96ad46df	yes	not-built	-	not-applicable	-	reviewed	Gradle belongs to non-Windows wrapper/build tooling and is not invoked by the direct CMake/Ninja win64 recipe.
scripts.d/50-lcevcdec.sh	SCRIPT_REPO	17804ac54db8fbb42717f3275b1e73f3c0b067d3	355bce88a88dd9df9191288f421095697d3cc6b91c39e1cadb7b60b91ae5b57e	./licenses/ios-cmake/license.md	0b85f7cda17eeba9d545455874ede53b54efb3ec8a9ae381250d1183c98efea0	yes	not-built	-	not-applicable	-	reviewed	The target is win64 and uses the BtbN MinGW toolchain, not the bundled iOS CMake toolchain.
scripts.d/50-lcevcdec.sh	SCRIPT_REPO	17804ac54db8fbb42717f3275b1e73f3c0b067d3	355bce88a88dd9df9191288f421095697d3cc6b91c39e1cadb7b60b91ae5b57e	./licenses/nlohmann_json/LICENSE.MIT	c0d068392ea65358b798b8c165103560f06e9e3b38c4ab4e2d8810a7b931af86	yes	not-built	-	not-applicable	-	reviewed	JSON configuration defaults off and the only nlohmann_json consumer is the utility subtree, which is excluded because executables and tests are off.
scripts.d/50-lcevcdec.sh	SCRIPT_REPO	17804ac54db8fbb42717f3275b1e73f3c0b067d3	355bce88a88dd9df9191288f421095697d3cc6b91c39e1cadb7b60b91ae5b57e	./licenses/vma/LICENSE.txt	52df2c03d6cfc9ffec13c9d3626c530fc9ce0cbe41d5ea3d10cd46edeb1aeb38	yes	not-built	-	not-applicable	-	reviewed	Vulkan Memory Allocator is referenced only by the Vulkan pipeline; the recipe explicitly sets VN_SDK_PIPELINE_VULKAN=OFF.
scripts.d/50-libvpx.sh	SCRIPT_REPO	5e680f30801d03c21078f8c4b772464752516211	8c6b38f84c30381f968da81fb085d35ffeaec5b84f50b1229e9cd2338d8f589c	./LICENSE	8267348d5af1262c11d1a08de2f5afc77457755f1ac658627dd9acf71011d615	yes	shipped-license	BSD-3-Clause	required	file:ffmpeg/LIBVPX-LICENSE.txt	reviewed	The recipe builds static libvpx for x86_64 and packaged FFmpeg enables libvpx; its exact BSD-3-Clause terms are packaged.
scripts.d/50-libvpx.sh	SCRIPT_REPO	5e680f30801d03c21078f8c4b772464752516211	8c6b38f84c30381f968da81fb085d35ffeaec5b84f50b1229e9cd2338d8f589c	./PATENTS	cc3273e0694ea5896145e0677699b53471b03ea43021ddc50e7923fbb9f5023c	yes	shipped-notice	-	required	file:ffmpeg/LIBVPX-PATENTS.txt	reviewed	The WebM additional patent grant accompanies the implementation; its exact pinned text is packaged without asserting independent patent clearance.
scripts.d/50-libvpx.sh	SCRIPT_REPO	5e680f30801d03c21078f8c4b772464752516211	8c6b38f84c30381f968da81fb085d35ffeaec5b84f50b1229e9cd2338d8f589c	./third_party/googletest/src/LICENSE	9702de7e4117a8e2b20dafab11ffda58c198aede066406496bef670d40a22138	yes	not-built	-	not-applicable	-	reviewed	The recipe explicitly disables unit tests; googletest is consumed only by the unit-test targets and is absent from libvpx.a.
scripts.d/50-libvpx.sh	SCRIPT_REPO	5e680f30801d03c21078f8c4b772464752516211	8c6b38f84c30381f968da81fb085d35ffeaec5b84f50b1229e9cd2338d8f589c	./third_party/libwebm/LICENSE.TXT	5aec868f669e384a22372a4e8a1a6cd7d44c64cd451f960ca69cc170d1e13acf	yes	not-built	-	not-applicable	-	reviewed	libwebm sources are attached only to libvpx examples/tools and tests; all three target classes are explicitly disabled by the recipe.
scripts.d/50-libvpx.sh	SCRIPT_REPO	5e680f30801d03c21078f8c4b772464752516211	8c6b38f84c30381f968da81fb085d35ffeaec5b84f50b1229e9cd2338d8f589c	./third_party/libwebm/PATENTS.TXT	cc3273e0694ea5896145e0677699b53471b03ea43021ddc50e7923fbb9f5023c	yes	not-built	-	not-applicable	-	reviewed	This duplicate patent file accompanies libwebm, whose only consumers are the disabled examples/tools and tests; the built libvpx library does not include it.
scripts.d/50-libvpx.sh	SCRIPT_REPO	5e680f30801d03c21078f8c4b772464752516211	8c6b38f84c30381f968da81fb085d35ffeaec5b84f50b1229e9cd2338d8f589c	./third_party/libyuv/LICENSE	2b2cc1180c7e6988328ad2033b04b80117419db9c4c584918bbb3cfec7e9364f	yes	not-built	-	not-applicable	-	reviewed	libyuv sources are added only to vpxdec and vpxenc in examples.mk; the recipe disables tools and examples.
scripts.d/50-libvpx.sh	SCRIPT_REPO	5e680f30801d03c21078f8c4b772464752516211	8c6b38f84c30381f968da81fb085d35ffeaec5b84f50b1229e9cd2338d8f589c	./third_party/nalloc/LICENSE	d7dd0396ec46975e1bf9093680068ef301bc0ed204603e623a6f7073ab922ab1	yes	not-built	-	not-applicable	-	reviewed	nalloc is included only by the example fuzzer sources; examples are explicitly disabled and the code is absent from libvpx.a.
scripts.d/50-libvpx.sh	SCRIPT_REPO	5e680f30801d03c21078f8c4b772464752516211	8c6b38f84c30381f968da81fb085d35ffeaec5b84f50b1229e9cd2338d8f589c	./third_party/x86inc/LICENSE	719d8fa235f2068e0ae6d6a7dceb0a7720d7840f0f0ebed29957989e6ded3cd8	yes	shipped-license	ISC	required	file:ffmpeg/LIBVPX-X86INC-LICENSE.txt	reviewed	The x86_64 static build includes third_party/x86inc/x86inc.asm in codec assembly sources; its exact ISC notice is packaged.
scripts.d/50-libwebp.sh	SCRIPT_REPO	5c168cd23b1872969c38e34b01b04dcf29849288	5a47f780b3de4658296f2c86ad7869018a7d1fc6e1168d644ac7d8a1033b0604	./COPYING	5aec868f669e384a22372a4e8a1a6cd7d44c64cd451f960ca69cc170d1e13acf	yes	shipped-license	BSD-3-Clause	required	file:ffmpeg/LIBWEBP-COPYING.txt	reviewed	The recipe builds static WebP codec, mux, and demux libraries and packaged FFmpeg enables libwebp; its exact BSD terms are packaged.
scripts.d/50-libwebp.sh	SCRIPT_REPO	5c168cd23b1872969c38e34b01b04dcf29849288	5a47f780b3de4658296f2c86ad7869018a7d1fc6e1168d644ac7d8a1033b0604	./PATENTS	cc3273e0694ea5896145e0677699b53471b03ea43021ddc50e7923fbb9f5023c	yes	shipped-notice	-	required	file:ffmpeg/LIBWEBP-PATENTS.txt	reviewed	The WebM additional patent grant accompanies libwebp; its exact pinned text is packaged without asserting independent patent clearance.
scripts.d/50-libzmq.sh	SCRIPT_REPO	46493370217ac135246617fa2f6ac819d8b61bfc	99eb4275d2a373e443758943501f3db38b8134c6898bc5bd86847dbdc60f79ec	./LICENSE	1f256ecad192880510e84ad60474eab7589218784b9a50bc7ceee34c2b91f1d5	yes	shipped-license	MPL-2.0	required	file:ffmpeg/LIBZMQ-LICENSE.txt	reviewed	The recipe builds static libzmq and packaged FFmpeg enables libzmq; the exact MPL-2.0 text is packaged and its source-availability obligation remains part of the corresponding-source release gate.
scripts.d/50-libzmq.sh	SCRIPT_REPO	46493370217ac135246617fa2f6ac819d8b61bfc	99eb4275d2a373e443758943501f3db38b8134c6898bc5bd86847dbdc60f79ec	./external/sha1/license.txt	cb1a4e594fc67ecde3e6d704b94d6ac4385a6027d0605702c675d182f186eeb6	yes	not-built	-	not-applicable	-	reviewed	The recipe sets ENABLE_DRAFTS=OFF, which defaults WebSocket support off; builtin SHA-1 is appended only when WebSockets are enabled.
scripts.d/50-libzmq.sh	SCRIPT_REPO	46493370217ac135246617fa2f6ac819d8b61bfc	99eb4275d2a373e443758943501f3db38b8134c6898bc5bd86847dbdc60f79ec	./external/unity/license.txt	3ed9b51da86f52c729c96cc99fdde6444b2297c788a9cf4ad1d3649dc34c4985	yes	not-built	-	not-applicable	-	reviewed	Unity is added only by tests/CMakeLists.txt; the recipe explicitly sets BUILD_TESTS=OFF.
scripts.d/50-libzmq.sh	SCRIPT_REPO	46493370217ac135246617fa2f6ac819d8b61bfc	99eb4275d2a373e443758943501f3db38b8134c6898bc5bd86847dbdc60f79ec	./external/wepoll/license.txt	3e56262d2c0e9492f113089916ed624e98f88b31dfd6acae24ede59cdfda5a69	yes	shipped-license	BSD-2-Clause	required	file:ffmpeg/LIBZMQ-WEPOLL-LICENSE.txt	reviewed	The win64 recipe selects POLLER=epoll, causing CMake to compile external/wepoll/wepoll.c into static libzmq; its exact BSD notice is packaged.
scripts.d/50-libzmq.sh	SCRIPT_REPO	46493370217ac135246617fa2f6ac819d8b61bfc	99eb4275d2a373e443758943501f3db38b8134c6898bc5bd86847dbdc60f79ec	./packaging/debian/copyright	0a9b32db52765d7d0dd53eac99c373ef830ced0e859d1e6e62acc2fb590dbc9e	yes	not-built	-	not-applicable	-	reviewed	The BtbN recipe invokes CMake directly and does not build or distribute the repository's Debian packaging subtree.
scripts.d/50-opencore-amr.sh	SCRIPT_REPO	7dba8c32238418ce0b316a852b2224df586ca896	7eb9062d09d89d3a3d673bc0b2b800d4c15c724cb7503a847ba3e29adb1f36e2	./LICENSE	8b3f1762349248d444ab9acbafe73941254e36e1064954da56bb9ddbd5873ddb	yes	shipped-license	Apache-2.0	required	file:ffmpeg/OPENCORE-AMR-LICENSE.txt	reviewed	The recipe builds the AMR-NB and AMR-WB static libraries and packaged FFmpeg enables both; the complete Apache-2.0 text is packaged.
scripts.d/50-opencore-amr.sh	SCRIPT_REPO	7dba8c32238418ce0b316a852b2224df586ca896	7eb9062d09d89d3a3d673bc0b2b800d4c15c724cb7503a847ba3e29adb1f36e2	./opencore/NOTICE	d106802b5e406073c1d10fbe9f638234c6973ebce37df71773179642085eb489	yes	shipped-notice	-	required	file:ffmpeg/OPENCORE-AMR-NOTICE.txt	reviewed	The built opencore codec sources carry this Apache and standards attribution notice; its exact pinned text is packaged.
scripts.d/50-opencore-amr.sh	SCRIPT_REPO	7dba8c32238418ce0b316a852b2224df586ca896	7eb9062d09d89d3a3d673bc0b2b800d4c15c724cb7503a847ba3e29adb1f36e2	./opencore/codecs_v2/audio/gsm_amr/patent_disclaimer.txt	f91a72705d38de34a9749c214a4cbc6ffa1da753b34b2cd11f3d6798f24ae59f	yes	shipped-notice	-	required	file:ffmpeg/OPENCORE-AMR-PATENT-DISCLAIMER.txt	reviewed	The built AMR implementation explicitly states that its source grant conveys no patent rights; the exact disclaimer is packaged without asserting patent clearance.
scripts.d/45-libudfread.sh	SCRIPT_REPO	b0bc6957e7e07d5f35391f210596d9eb71cffdd9	bffa3ac0db0183bbcde13e700fd36c35ea6f828b5e182d202e3442e4c126f74f	./COPYING	dc626520dcd53a22f727af3ee42c770e56c97a64fe3adb063799d8ab032fe551	yes	shipped-license	LGPL-2.1-or-later	required	file:ffmpeg/LIBUDFREAD-COPYING.txt	reviewed	The recipe builds static libudfread and its compiled source headers select LGPL-2.1-or-later; the exact LGPL-2.1 text is packaged and relink/source obligations remain release gates.
scripts.d/50-onevpl.sh	SCRIPT_REPO	674d015bcb294bc39fa276e99a652ea045423e82	cfae55c57cd190f923bb9aefe75f203a10379b5354a7d30435adc06ab96b0011	./LICENSE	bf1cfac2e2792b6e1e995ce103d70796aecaf2ec7e4c5fe5474f7acec7b4a677	yes	shipped-license	MIT	required	file:ffmpeg/ONEVPL-LICENSE.txt	reviewed	The recipe builds the static oneVPL dispatcher and enables libvpl in FFmpeg; its exact MIT license is packaged.
scripts.d/50-onevpl.sh	SCRIPT_REPO	674d015bcb294bc39fa276e99a652ea045423e82	cfae55c57cd190f923bb9aefe75f203a10379b5354a7d30435adc06ab96b0011	./examples/api1x_core/legacy-decode/License.txt	2e35006c345787f7205bdaa86920c8fac86abd19b95d7b4c1ba5531853ea3938	yes	not-built	-	not-applicable	-	reviewed	This license belongs to a legacy decode example; BUILD_EXAMPLES is off and the recipe removes staged share content.
scripts.d/50-onevpl.sh	SCRIPT_REPO	674d015bcb294bc39fa276e99a652ea045423e82	cfae55c57cd190f923bb9aefe75f203a10379b5354a7d30435adc06ab96b0011	./examples/api1x_core/legacy-encode/License.txt	2e35006c345787f7205bdaa86920c8fac86abd19b95d7b4c1ba5531853ea3938	yes	not-built	-	not-applicable	-	reviewed	This license belongs to a legacy encode example; BUILD_EXAMPLES is off and the recipe removes staged share content.
scripts.d/50-onevpl.sh	SCRIPT_REPO	674d015bcb294bc39fa276e99a652ea045423e82	cfae55c57cd190f923bb9aefe75f203a10379b5354a7d30435adc06ab96b0011	./examples/api1x_core/legacy-vpp/License.txt	2e35006c345787f7205bdaa86920c8fac86abd19b95d7b4c1ba5531853ea3938	yes	not-built	-	not-applicable	-	reviewed	This license belongs to a legacy VPP example; BUILD_EXAMPLES is off and the recipe removes staged share content.
scripts.d/50-onevpl.sh	SCRIPT_REPO	674d015bcb294bc39fa276e99a652ea045423e82	cfae55c57cd190f923bb9aefe75f203a10379b5354a7d30435adc06ab96b0011	./examples/api2x/hello-decode/License.txt	2e35006c345787f7205bdaa86920c8fac86abd19b95d7b4c1ba5531853ea3938	yes	not-built	-	not-applicable	-	reviewed	This license belongs to an API 2.x decode example; BUILD_EXAMPLES is off and the recipe removes staged share content.
scripts.d/50-onevpl.sh	SCRIPT_REPO	674d015bcb294bc39fa276e99a652ea045423e82	cfae55c57cd190f923bb9aefe75f203a10379b5354a7d30435adc06ab96b0011	./examples/api2x/hello-decvpp/License.txt	2e35006c345787f7205bdaa86920c8fac86abd19b95d7b4c1ba5531853ea3938	yes	not-built	-	not-applicable	-	reviewed	This license belongs to an API 2.x decode/VPP example; BUILD_EXAMPLES is off and the recipe removes staged share content.
scripts.d/50-onevpl.sh	SCRIPT_REPO	674d015bcb294bc39fa276e99a652ea045423e82	cfae55c57cd190f923bb9aefe75f203a10379b5354a7d30435adc06ab96b0011	./examples/api2x/hello-encode-jpeg/License.txt	2e35006c345787f7205bdaa86920c8fac86abd19b95d7b4c1ba5531853ea3938	yes	not-built	-	not-applicable	-	reviewed	This license belongs to an API 2.x JPEG encode example; BUILD_EXAMPLES is off and the recipe removes staged share content.
scripts.d/50-onevpl.sh	SCRIPT_REPO	674d015bcb294bc39fa276e99a652ea045423e82	cfae55c57cd190f923bb9aefe75f203a10379b5354a7d30435adc06ab96b0011	./examples/api2x/hello-encode/License.txt	2e35006c345787f7205bdaa86920c8fac86abd19b95d7b4c1ba5531853ea3938	yes	not-built	-	not-applicable	-	reviewed	This license belongs to an API 2.x encode example; BUILD_EXAMPLES is off and the recipe removes staged share content.
scripts.d/50-onevpl.sh	SCRIPT_REPO	674d015bcb294bc39fa276e99a652ea045423e82	cfae55c57cd190f923bb9aefe75f203a10379b5354a7d30435adc06ab96b0011	./examples/api2x/hello-sharing-dx11/License.txt	2e35006c345787f7205bdaa86920c8fac86abd19b95d7b4c1ba5531853ea3938	yes	not-built	-	not-applicable	-	reviewed	This license belongs to a Direct3D sharing example; BUILD_EXAMPLES is off and the recipe removes staged share content.
scripts.d/50-onevpl.sh	SCRIPT_REPO	674d015bcb294bc39fa276e99a652ea045423e82	cfae55c57cd190f923bb9aefe75f203a10379b5354a7d30435adc06ab96b0011	./examples/api2x/hello-sharing-ocl/License.txt	2e35006c345787f7205bdaa86920c8fac86abd19b95d7b4c1ba5531853ea3938	yes	not-built	-	not-applicable	-	reviewed	This license belongs to an OpenCL sharing example; BUILD_EXAMPLES is off and the recipe removes staged share content.
scripts.d/50-onevpl.sh	SCRIPT_REPO	674d015bcb294bc39fa276e99a652ea045423e82	cfae55c57cd190f923bb9aefe75f203a10379b5354a7d30435adc06ab96b0011	./examples/api2x/hello-sharing-vaapi/License.txt	2e35006c345787f7205bdaa86920c8fac86abd19b95d7b4c1ba5531853ea3938	yes	not-built	-	not-applicable	-	reviewed	This license belongs to a VA-API sharing example; BUILD_EXAMPLES is off and the recipe removes staged share content.
scripts.d/50-onevpl.sh	SCRIPT_REPO	674d015bcb294bc39fa276e99a652ea045423e82	cfae55c57cd190f923bb9aefe75f203a10379b5354a7d30435adc06ab96b0011	./examples/api2x/hello-transcode/License.txt	2e35006c345787f7205bdaa86920c8fac86abd19b95d7b4c1ba5531853ea3938	yes	not-built	-	not-applicable	-	reviewed	This license belongs to an API 2.x transcode example; BUILD_EXAMPLES is off and the recipe removes staged share content.
scripts.d/50-onevpl.sh	SCRIPT_REPO	674d015bcb294bc39fa276e99a652ea045423e82	cfae55c57cd190f923bb9aefe75f203a10379b5354a7d30435adc06ab96b0011	./examples/api2x/hello-vpp/License.txt	2e35006c345787f7205bdaa86920c8fac86abd19b95d7b4c1ba5531853ea3938	yes	not-built	-	not-applicable	-	reviewed	This license belongs to an API 2.x VPP example; BUILD_EXAMPLES is off and the recipe removes staged share content.
scripts.d/50-onevpl.sh	SCRIPT_REPO	674d015bcb294bc39fa276e99a652ea045423e82	cfae55c57cd190f923bb9aefe75f203a10379b5354a7d30435adc06ab96b0011	./examples/interop/vpl-infer/License.txt	2e35006c345787f7205bdaa86920c8fac86abd19b95d7b4c1ba5531853ea3938	yes	not-built	-	not-applicable	-	reviewed	This license belongs to the inference interop example; BUILD_EXAMPLES is off and the recipe removes staged share content.
scripts.d/50-onevpl.sh	SCRIPT_REPO	674d015bcb294bc39fa276e99a652ea045423e82	cfae55c57cd190f923bb9aefe75f203a10379b5354a7d30435adc06ab96b0011	./examples/tutorials/01_transition/License.txt	2e35006c345787f7205bdaa86920c8fac86abd19b95d7b4c1ba5531853ea3938	yes	not-built	-	not-applicable	-	reviewed	This license belongs to the transition tutorial; BUILD_EXAMPLES is off and the recipe removes staged share content.
scripts.d/50-onevpl.sh	SCRIPT_REPO	674d015bcb294bc39fa276e99a652ea045423e82	cfae55c57cd190f923bb9aefe75f203a10379b5354a7d30435adc06ab96b0011	./libvpl/test/ext/googletest/LICENSE	9702de7e4117a8e2b20dafab11ffda58c198aede066406496bef670d40a22138	yes	not-built	-	not-applicable	-	reviewed	Googletest is reachable only from the libvpl test subtree; the recipe explicitly sets BUILD_TESTS=OFF.
scripts.d/45-pcre2.sh	SCRIPT_REPO	09eb19dc1102b34e7557408f33318364cb97d2b0	d9ba6030c799b53336fdbc2724d14229ed814a04eba043265d34de71632f639f	./COPYING	99272c55f3dcfa07a8a7e15a5c1a33096e4727de74241d65fa049fccfdd59507	yes	shipped-notice	-	informational	file:ffmpeg/PCRE2-COPYING.txt	reviewed	This exact upstream pointer directs recipients to the substantive PCRE2 licence, which is packaged beside it under its manifest-bound name.
scripts.d/45-pcre2.sh	SCRIPT_REPO	09eb19dc1102b34e7557408f33318364cb97d2b0	d9ba6030c799b53336fdbc2724d14229ed814a04eba043265d34de71632f639f	./LICENCE.md	197d8a73ffee0d6b09adba2f9c677b5f5aede24edf89258a68e48248d010d811	yes	shipped-license	BSD-3-Clause WITH PCRE2-exception	required	file:ffmpeg/PCRE2-LICENCE.md	reviewed	The recipe builds the static 8-bit Unicode PCRE2 library; JIT is disabled by default and not enabled, so the substantive PCRE2 licence and binary-package exception are packaged without SLJIT.
scripts.d/45-pcre2.sh	SCRIPT_REPO	09eb19dc1102b34e7557408f33318364cb97d2b0	d9ba6030c799b53336fdbc2724d14229ed814a04eba043265d34de71632f639f	./cmake/COPYING-CMAKE-SCRIPTS	c666ec2313dba24523ccad88f4c04ea4b24fad6545263a35b1d4ab2b08efe50a	yes	not-built	-	not-applicable	-	reviewed	The recipe generates and builds PCRE2 through Autotools configure and make; the separately licensed CMake scripts are not invoked or shipped.
scripts.d/45-pixman.sh	SCRIPT_REPO	96c04d1b87934dc4b9396197a2dff737698ab310	e0bcc52424c0f194f9f02e5ce3affa19bf4cd20fbec6d7908f70e99c429b9c2e	./COPYING	fac9270f0987b96ff4533fca3548c633e02083cbba4a0172a3b149b2e4019793	yes	shipped-license	MIT	required	file:ffmpeg/PIXMAN-COPYING.txt	reviewed	The recipe builds static pixman with tests, demos, GTK, libpng, and OpenMP disabled; the exact MIT notice governing the compiled library is packaged.
