stage	locator_variable	revision	target	default_features	features	context	name	version	license	source	cargo_lock_checksum	vendor_package_checksum	checksum_files_verified	candidate_count	package_id
scripts.d/50-librsvg/99-librsvg.sh	SCRIPT_REPO	7612431eb02dc009319094f8513d63c1faaecfb4	x86_64-pc-windows-gnu	no	avif	runtime	adler2	2.0.1	0BSD OR MIT OR Apache-2.0	registry+https://github.com/rust-lang/crates.io-index	320119579fcad9c21884f5c4861d16174d0e06250625266f50fe6898340abefa	320119579fcad9c21884f5c4861d16174d0e06250625266f50fe6898340abefa	yes	3	registry+https://github.com/rust-lang/crates.io-index#adler2@2.0.1
scripts.d/50-librsvg/99-librsvg.sh	SCRIPT_REPO	7612431eb02dc009319094f8513d63c1faaecfb4	x86_64-pc-windows-gnu	no	avif	runtime	ahash	0.8.12	MIT OR Apache-2.0	registry+https://github.com/rust-lang/crates.io-index	5a15f179cd60c4584b8a8c596927aadc462e27f2ca70c04e0071964a73ba7a75	5a15f179cd60c4584b8a8c596927aadc462e27f2ca70c04e0071964a73ba7a75	yes	2	registry+https://github.com/rust-lang/crates.io-index#ahash@0.8.12
scripts.d/50-librsvg/99-librsvg.sh	SCRIPT_REPO	7612431eb02dc009319094f8513d63c1faaecfb4	x86_64-pc-windows-gnu	no	avif	runtime	aho-corasick	1.1.5	Unlicense OR MIT	registry+https://github.com/rust-lang/crates.io-index	c982642fa9e8606056828ee9a8505737230110bb1099153c79efe865c59d12ba	c982642fa9e8606056828ee9a8505737230110bb1099153c79efe865c59d12ba	yes	3	registry+https://github.com/rust-lang/crates.io-index#aho-corasick@1.1.5
scripts.d/50-librsvg/99-librsvg.sh	SCRIPT_REPO	7612431eb02dc009319094f8513d63c1faaecfb4	x86_64-pc-windows-gnu	no	avif	runtime	approx	0.5.1	Apache-2.0	registry+https://github.com/rust-lang/crates.io-index	cab112f0a86d568ea0e627cc1d6be74a1e9cd55214684db5561995f6dad897c6	cab112f0a86d568ea0e627cc1d6be74a1e9cd55214684db5561995f6dad897c6	yes	1	registry+https://github.com/rust-lang/crates.io-index#approx@0.5.1
scripts.d/50-librsvg/99-librsvg.sh	SCRIPT_REPO	7612431eb02dc009319094f8513d63c1faaecfb4	x86_64-pc-windows-gnu	no	avif	runtime	av-data	0.4.4	MIT	registry+https://github.com/rust-lang/crates.io-index	fca67ba5d317924c02180c576157afd54babe48a76ebc66ce6d34bb8ba08308e	fca67ba5d317924c02180c576157afd54babe48a76ebc66ce6d34bb8ba08308e	yes	1	registry+https://github.com/rust-lang/crates.io-index#av-data@0.4.4
scripts.d/50-librsvg/99-librsvg.sh	SCRIPT_REPO	7612431eb02dc009319094f8513d63c1faaecfb4	x86_64-pc-windows-gnu	no	avif	runtime	bitflags	2.13.2	MIT OR Apache-2.0	registry+https://github.com/rust-lang/crates.io-index	3ded4057c258ba199e2d26386d3af3780957ecaee6c4ef4041c6b4b8b97c0b06	3ded4057c258ba199e2d26386d3af3780957ecaee6c4ef4041c6b4b8b97c0b06	yes	2	registry+https://github.com/rust-lang/crates.io-index#bitflags@2.13.2
scripts.d/50-librsvg/99-librsvg.sh	SCRIPT_REPO	7612431eb02dc009319094f8513d63c1faaecfb4	x86_64-pc-windows-gnu	no	avif	runtime	bitreader	0.3.11	MIT OR Apache-2.0	registry+https://github.com/rust-lang/crates.io-index	886559b1e163d56c765bc3a985febb4eee8009f625244511d8ee3c432e08c066	886559b1e163d56c765bc3a985febb4eee8009f625244511d8ee3c432e08c066	yes	2	registry+https://github.com/rust-lang/crates.io-index#bitreader@0.3.11
scripts.d/50-librsvg/99-librsvg.sh	SCRIPT_REPO	7612431eb02dc009319094f8513d63c1faaecfb4	x86_64-pc-windows-gnu	no	avif	runtime	byte-slice-cast	1.2.3	MIT	registry+https://github.com/rust-lang/crates.io-index	7575182f7272186991736b70173b0ea045398f984bf5ebbb3804736ce1330c9d	7575182f7272186991736b70173b0ea045398f984bf5ebbb3804736ce1330c9d	yes	1	registry+https://github.com/rust-lang/crates.io-index#byte-slice-cast@1.2.3
scripts.d/50-librsvg/99-librsvg.sh	SCRIPT_REPO	7612431eb02dc009319094f8513d63c1faaecfb4	x86_64-pc-windows-gnu	no	avif	runtime	bytemuck	1.25.2	Zlib OR Apache-2.0 OR MIT	registry+https://github.com/rust-lang/crates.io-index	95832e849adfb21180ccb6826a99da14e5d266ae5c2e668e1602cf234f153797	95832e849adfb21180ccb6826a99da14e5d266ae5c2e668e1602cf234f153797	yes	3	registry+https://github.com/rust-lang/crates.io-index#bytemuck@1.25.2
scripts.d/50-librsvg/99-librsvg.sh	SCRIPT_REPO	7612431eb02dc009319094f8513d63c1faaecfb4	x86_64-pc-windows-gnu	no	avif	runtime	byteorder	1.5.0	Unlicense OR MIT	registry+https://github.com/rust-lang/crates.io-index	1fd0f2584146f6f2ef48085050886acf353beff7305ebd1ae69500e27c67f64b	1fd0f2584146f6f2ef48085050886acf353beff7305ebd1ae69500e27c67f64b	yes	3	registry+https://github.com/rust-lang/crates.io-index#byteorder@1.5.0
scripts.d/50-librsvg/99-librsvg.sh	SCRIPT_REPO	7612431eb02dc009319094f8513d63c1faaecfb4	x86_64-pc-windows-gnu	no	avif	runtime	byteorder-lite	0.1.0	Unlicense OR MIT	registry+https://github.com/rust-lang/crates.io-index	8f1fe948ff07f4bd06c30984e69f5b4899c516a3ef74f34df92a2df2ab535495	8f1fe948ff07f4bd06c30984e69f5b4899c516a3ef74f34df92a2df2ab535495	yes	2	registry+https://github.com/rust-lang/crates.io-index#byteorder-lite@0.1.0
scripts.d/50-librsvg/99-librsvg.sh	SCRIPT_REPO	7612431eb02dc009319094f8513d63c1faaecfb4	x86_64-pc-windows-gnu	no	avif	runtime	bytes	1.12.1	MIT	registry+https://github.com/rust-lang/crates.io-index	fc652a48c352aef3ea3aed32080501cf3ef6ed5da78602a020c991775b0aff04	fc652a48c352aef3ea3aed32080501cf3ef6ed5da78602a020c991775b0aff04	yes	1	registry+https://github.com/rust-lang/crates.io-index#bytes@1.12.1
scripts.d/50-librsvg/99-librsvg.sh	SCRIPT_REPO	7612431eb02dc009319094f8513d63c1faaecfb4	x86_64-pc-windows-gnu	no	avif	runtime	cairo-rs	0.22.9	MIT	registry+https://github.com/rust-lang/crates.io-index	df683f1d30b457964673a5541a4603208ef95ab6873d2a55871895cf310f3b56	df683f1d30b457964673a5541a4603208ef95ab6873d2a55871895cf310f3b56	yes	2	registry+https://github.com/rust-lang/crates.io-index#cairo-rs@0.22.9
scripts.d/50-librsvg/99-librsvg.sh	SCRIPT_REPO	7612431eb02dc009319094f8513d63c1faaecfb4	x86_64-pc-windows-gnu	no	avif	runtime	cairo-sys-rs	0.22.9	MIT	registry+https://github.com/rust-lang/crates.io-index	ee548131103ad8f698c6725669647b9c757b3b66992dd6a026037596417bee21	ee548131103ad8f698c6725669647b9c757b3b66992dd6a026037596417bee21	yes	1	registry+https://github.com/rust-lang/crates.io-index#cairo-sys-rs@0.22.9
scripts.d/50-librsvg/99-librsvg.sh	SCRIPT_REPO	7612431eb02dc009319094f8513d63c1faaecfb4	x86_64-pc-windows-gnu	no	avif	runtime	cast	0.3.0	MIT OR Apache-2.0	registry+https://github.com/rust-lang/crates.io-index	37b2a672a2cb129a2e41c10b1224bb368f9f37a2b16b612598138befd7b37eb5	37b2a672a2cb129a2e41c10b1224bb368f9f37a2b16b612598138befd7b37eb5	yes	2	registry+https://github.com/rust-lang/crates.io-index#cast@0.3.0
scripts.d/50-librsvg/99-librsvg.sh	SCRIPT_REPO	7612431eb02dc009319094f8513d63c1faaecfb4	x86_64-pc-windows-gnu	no	avif	runtime	cfg-if	1.0.5	MIT OR Apache-2.0	registry+https://github.com/rust-lang/crates.io-index	4e7648175b45a9a48536d676f68d918270699102aa8dab5496df06904c914600	4e7648175b45a9a48536d676f68d918270699102aa8dab5496df06904c914600	yes	2	registry+https://github.com/rust-lang/crates.io-index#cfg-if@1.0.5
scripts.d/50-librsvg/99-librsvg.sh	SCRIPT_REPO	7612431eb02dc009319094f8513d63c1faaecfb4	x86_64-pc-windows-gnu	no	avif	runtime	color_quant	1.1.0	MIT	registry+https://github.com/rust-lang/crates.io-index	3d7b894f5411737b7867f4827955924d7c254fc9f4d91a6aad6b097804b1018b	3d7b894f5411737b7867f4827955924d7c254fc9f4d91a6aad6b097804b1018b	yes	1	registry+https://github.com/rust-lang/crates.io-index#color_quant@1.1.0
scripts.d/50-librsvg/99-librsvg.sh	SCRIPT_REPO	7612431eb02dc009319094f8513d63c1faaecfb4	x86_64-pc-windows-gnu	no	avif	runtime	core_detect	1.0.0	MIT/Apache-2.0	registry+https://github.com/rust-lang/crates.io-index	7f8f80099a98041a3d1622845c271458a2d73e688351bf3cb999266764b81d48	7f8f80099a98041a3d1622845c271458a2d73e688351bf3cb999266764b81d48	yes	2	registry+https://github.com/rust-lang/crates.io-index#core_detect@1.0.0
scripts.d/50-librsvg/99-librsvg.sh	SCRIPT_REPO	7612431eb02dc009319094f8513d63c1faaecfb4	x86_64-pc-windows-gnu	no	avif	runtime	crc32fast	1.5.2	MIT OR Apache-2.0	registry+https://github.com/rust-lang/crates.io-index	01a7799fd6b852db0e61728dde9a204c423b44d689dbd432522543614b490e78	01a7799fd6b852db0e61728dde9a204c423b44d689dbd432522543614b490e78	yes	2	registry+https://github.com/rust-lang/crates.io-index#crc32fast@1.5.2
scripts.d/50-librsvg/99-librsvg.sh	SCRIPT_REPO	7612431eb02dc009319094f8513d63c1faaecfb4	x86_64-pc-windows-gnu	no	avif	runtime	crossbeam-deque	0.8.8	MIT OR Apache-2.0	registry+https://github.com/rust-lang/crates.io-index	622f3fc73690be383c7214310406f28a90e6edeadc3cea882f9d71e495b9711a	622f3fc73690be383c7214310406f28a90e6edeadc3cea882f9d71e495b9711a	yes	2	registry+https://github.com/rust-lang/crates.io-index#crossbeam-deque@0.8.8
scripts.d/50-librsvg/99-librsvg.sh	SCRIPT_REPO	7612431eb02dc009319094f8513d63c1faaecfb4	x86_64-pc-windows-gnu	no	avif	runtime	crossbeam-epoch	0.9.21	MIT OR Apache-2.0	registry+https://github.com/rust-lang/crates.io-index	dc74980687109a3b14c72fd458107bf0baa1da1a1a805e178d15501ba9b86d9d	dc74980687109a3b14c72fd458107bf0baa1da1a1a805e178d15501ba9b86d9d	yes	2	registry+https://github.com/rust-lang/crates.io-index#crossbeam-epoch@0.9.21
scripts.d/50-librsvg/99-librsvg.sh	SCRIPT_REPO	7612431eb02dc009319094f8513d63c1faaecfb4	x86_64-pc-windows-gnu	no	avif	runtime	crossbeam-utils	0.8.23	MIT OR Apache-2.0	registry+https://github.com/rust-lang/crates.io-index	a31eee39dddec8330830986fcd7625edb5a24ec90ea038215273bbc3adb08ac6	a31eee39dddec8330830986fcd7625edb5a24ec90ea038215273bbc3adb08ac6	yes	2	registry+https://github.com/rust-lang/crates.io-index#crossbeam-utils@0.8.23
scripts.d/50-librsvg/99-librsvg.sh	SCRIPT_REPO	7612431eb02dc009319094f8513d63c1faaecfb4	x86_64-pc-windows-gnu	no	avif	runtime	cssparser	0.37.0	MPL-2.0	registry+https://github.com/rust-lang/crates.io-index	8c9cdaae01d5ed7882b04d795e7f752f46ff52d2fa3b50a20d28c464510bba98	8c9cdaae01d5ed7882b04d795e7f752f46ff52d2fa3b50a20d28c464510bba98	yes	1	registry+https://github.com/rust-lang/crates.io-index#cssparser@0.37.0
scripts.d/50-librsvg/99-librsvg.sh	SCRIPT_REPO	7612431eb02dc009319094f8513d63c1faaecfb4	x86_64-pc-windows-gnu	no	avif	runtime	cssparser-color	0.5.0	MPL-2.0	registry+https://github.com/rust-lang/crates.io-index	bbaa233e1dcd9c13a5d3e3a8a2c0f5a727bac380398345dbcb31db4597edc86b	bbaa233e1dcd9c13a5d3e3a8a2c0f5a727bac380398345dbcb31db4597edc86b	yes	1	registry+https://github.com/rust-lang/crates.io-index#cssparser-color@0.5.0
scripts.d/50-librsvg/99-librsvg.sh	SCRIPT_REPO	7612431eb02dc009319094f8513d63c1faaecfb4	x86_64-pc-windows-gnu	no	avif	runtime	cssparser-macros	0.7.1	MPL-2.0	registry+https://github.com/rust-lang/crates.io-index	d045de693cb712d0b22c6a64be5b953f67b3ce00ab5ad3dd5d8b441886ab8e1a	d045de693cb712d0b22c6a64be5b953f67b3ce00ab5ad3dd5d8b441886ab8e1a	yes	1	registry+https://github.com/rust-lang/crates.io-index#cssparser-macros@0.7.1
scripts.d/50-librsvg/99-librsvg.sh	SCRIPT_REPO	7612431eb02dc009319094f8513d63c1faaecfb4	x86_64-pc-windows-gnu	no	avif	runtime	data-url	0.3.2	MIT OR Apache-2.0	registry+https://github.com/rust-lang/crates.io-index	be1e0bca6c3637f992fc1cc7cbc52a78c1ef6db076dbf1059c4323d6a2048376	be1e0bca6c3637f992fc1cc7cbc52a78c1ef6db076dbf1059c4323d6a2048376	yes	2	registry+https://github.com/rust-lang/crates.io-index#data-url@0.3.2
scripts.d/50-librsvg/99-librsvg.sh	SCRIPT_REPO	7612431eb02dc009319094f8513d63c1faaecfb4	x86_64-pc-windows-gnu	no	avif	runtime	dav1d	0.11.1	MIT	registry+https://github.com/rust-lang/crates.io-index	3ee89cb860616069c67520dcd66cacdb900b57c799f634a0eb6d91f6e2a82b61	3ee89cb860616069c67520dcd66cacdb900b57c799f634a0eb6d91f6e2a82b61	yes	1	registry+https://github.com/rust-lang/crates.io-index#dav1d@0.11.1
scripts.d/50-librsvg/99-librsvg.sh	SCRIPT_REPO	7612431eb02dc009319094f8513d63c1faaecfb4	x86_64-pc-windows-gnu	no	avif	runtime	dav1d-sys	0.8.3	MIT	registry+https://github.com/rust-lang/crates.io-index	c3c91aea6668645415331133ed6f8ddf0e7f40160cd97a12d59e68716a58704b	c3c91aea6668645415331133ed6f8ddf0e7f40160cd97a12d59e68716a58704b	yes	1	registry+https://github.com/rust-lang/crates.io-index#dav1d-sys@0.8.3
scripts.d/50-librsvg/99-librsvg.sh	SCRIPT_REPO	7612431eb02dc009319094f8513d63c1faaecfb4	x86_64-pc-windows-gnu	no	avif	runtime	derive_more	2.1.1	MIT	registry+https://github.com/rust-lang/crates.io-index	d751e9e49156b02b44f9c1815bcb94b984cdcc4396ecc32521c739452808b134	d751e9e49156b02b44f9c1815bcb94b984cdcc4396ecc32521c739452808b134	yes	1	registry+https://github.com/rust-lang/crates.io-index#derive_more@2.1.1
scripts.d/50-librsvg/99-librsvg.sh	SCRIPT_REPO	7612431eb02dc009319094f8513d63c1faaecfb4	x86_64-pc-windows-gnu	no	avif	runtime	derive_more-impl	2.1.1	MIT	registry+https://github.com/rust-lang/crates.io-index	799a97264921d8623a957f6c3b9011f3b5492f557bbb7a5a19b7fa6d06ba8dcb	799a97264921d8623a957f6c3b9011f3b5492f557bbb7a5a19b7fa6d06ba8dcb	yes	1	registry+https://github.com/rust-lang/crates.io-index#derive_more-impl@2.1.1
scripts.d/50-librsvg/99-librsvg.sh	SCRIPT_REPO	7612431eb02dc009319094f8513d63c1faaecfb4	x86_64-pc-windows-gnu	no	avif	runtime	displaydoc	0.2.7	MIT OR Apache-2.0	registry+https://github.com/rust-lang/crates.io-index	c6232dd377dcc64799954cbd3a9bb882e9cdc1308ccd87b1c098f1fb2eaf82a8	c6232dd377dcc64799954cbd3a9bb882e9cdc1308ccd87b1c098f1fb2eaf82a8	yes	2	registry+https://github.com/rust-lang/crates.io-index#displaydoc@0.2.7
scripts.d/50-librsvg/99-librsvg.sh	SCRIPT_REPO	7612431eb02dc009319094f8513d63c1faaecfb4	x86_64-pc-windows-gnu	no	avif	runtime	dtoa	1.0.11	MIT OR Apache-2.0	registry+https://github.com/rust-lang/crates.io-index	4c3cf4824e2d5f025c7b531afcb2325364084a16806f6d47fbc1f5fbd9960590	4c3cf4824e2d5f025c7b531afcb2325364084a16806f6d47fbc1f5fbd9960590	yes	2	registry+https://github.com/rust-lang/crates.io-index#dtoa@1.0.11
scripts.d/50-librsvg/99-librsvg.sh	SCRIPT_REPO	7612431eb02dc009319094f8513d63c1faaecfb4	x86_64-pc-windows-gnu	no	avif	runtime	dtoa-short	0.3.5	MPL-2.0	registry+https://github.com/rust-lang/crates.io-index	cd1511a7b6a56299bd043a9c167a6d2bfb37bf84a6dfceaba651168adfb43c87	cd1511a7b6a56299bd043a9c167a6d2bfb37bf84a6dfceaba651168adfb43c87	yes	1	registry+https://github.com/rust-lang/crates.io-index#dtoa-short@0.3.5
scripts.d/50-librsvg/99-librsvg.sh	SCRIPT_REPO	7612431eb02dc009319094f8513d63c1faaecfb4	x86_64-pc-windows-gnu	no	avif	runtime	either	1.18.0	MIT OR Apache-2.0	registry+https://github.com/rust-lang/crates.io-index	252afb9ae5eaa683babdc6a068b3f5726eb19e05070c731f9b2a23a7c3e8ed34	252afb9ae5eaa683babdc6a068b3f5726eb19e05070c731f9b2a23a7c3e8ed34	yes	2	registry+https://github.com/rust-lang/crates.io-index#either@1.18.0
scripts.d/50-librsvg/99-librsvg.sh	SCRIPT_REPO	7612431eb02dc009319094f8513d63c1faaecfb4	x86_64-pc-windows-gnu	no	avif	runtime	encoding_rs	0.8.41	(Apache-2.0 OR MIT) AND BSD-3-Clause	registry+https://github.com/rust-lang/crates.io-index	7b5ef0006ac9ab233c38522f5ae99cae3625151de8f706cacee1cba4b8e2832a	7b5ef0006ac9ab233c38522f5ae99cae3625151de8f706cacee1cba4b8e2832a	yes	4	registry+https://github.com/rust-lang/crates.io-index#encoding_rs@0.8.41
scripts.d/50-librsvg/99-librsvg.sh	SCRIPT_REPO	7612431eb02dc009319094f8513d63c1faaecfb4	x86_64-pc-windows-gnu	no	avif	runtime	fallible_collections	0.4.9	MIT/Apache-2.0	registry+https://github.com/rust-lang/crates.io-index	a88c69768c0a15262df21899142bc6df9b9b823546d4b4b9a7bc2d6c448ec6fd	a88c69768c0a15262df21899142bc6df9b9b823546d4b4b9a7bc2d6c448ec6fd	yes	2	registry+https://github.com/rust-lang/crates.io-index#fallible_collections@0.4.9
scripts.d/50-librsvg/99-librsvg.sh	SCRIPT_REPO	7612431eb02dc009319094f8513d63c1faaecfb4	x86_64-pc-windows-gnu	no	avif	runtime	fastrand	2.5.0	Apache-2.0 OR MIT	registry+https://github.com/rust-lang/crates.io-index	da7c62ceae207dd37ea5b845da6a0696c799f85e97da1ab5b7910be3c1c80223	da7c62ceae207dd37ea5b845da6a0696c799f85e97da1ab5b7910be3c1c80223	yes	2	registry+https://github.com/rust-lang/crates.io-index#fastrand@2.5.0
scripts.d/50-librsvg/99-librsvg.sh	SCRIPT_REPO	7612431eb02dc009319094f8513d63c1faaecfb4	x86_64-pc-windows-gnu	no	avif	runtime	fdeflate	0.3.7	MIT OR Apache-2.0	registry+https://github.com/rust-lang/crates.io-index	1e6853b52649d4ac5c0bd02320cddc5ba956bdb407c4b75a2c6b75bf51500f8c	1e6853b52649d4ac5c0bd02320cddc5ba956bdb407c4b75a2c6b75bf51500f8c	yes	2	registry+https://github.com/rust-lang/crates.io-index#fdeflate@0.3.7
scripts.d/50-librsvg/99-librsvg.sh	SCRIPT_REPO	7612431eb02dc009319094f8513d63c1faaecfb4	x86_64-pc-windows-gnu	no	avif	runtime	flate2	1.1.10	MIT OR Apache-2.0	registry+https://github.com/rust-lang/crates.io-index	6e634e2e0ebac1ee034020da1ca582e17ffe4e0f5e985823721e168928136dcb	6e634e2e0ebac1ee034020da1ca582e17ffe4e0f5e985823721e168928136dcb	yes	2	registry+https://github.com/rust-lang/crates.io-index#flate2@1.1.10
scripts.d/50-librsvg/99-librsvg.sh	SCRIPT_REPO	7612431eb02dc009319094f8513d63c1faaecfb4	x86_64-pc-windows-gnu	no	avif	runtime	float-cmp	0.10.0	MIT	registry+https://github.com/rust-lang/crates.io-index	b09cf3155332e944990140d967ff5eceb70df778b34f77d8075db46e4704e6d8	b09cf3155332e944990140d967ff5eceb70df778b34f77d8075db46e4704e6d8	yes	1	registry+https://github.com/rust-lang/crates.io-index#float-cmp@0.10.0
scripts.d/50-librsvg/99-librsvg.sh	SCRIPT_REPO	7612431eb02dc009319094f8513d63c1faaecfb4	x86_64-pc-windows-gnu	no	avif	runtime	form_urlencoded	1.2.2	MIT OR Apache-2.0	registry+https://github.com/rust-lang/crates.io-index	cb4cb245038516f5f85277875cdaa4f7d2c9a0fa0468de06ed190163b1581fcf	cb4cb245038516f5f85277875cdaa4f7d2c9a0fa0468de06ed190163b1581fcf	yes	2	registry+https://github.com/rust-lang/crates.io-index#form_urlencoded@1.2.2
scripts.d/50-librsvg/99-librsvg.sh	SCRIPT_REPO	7612431eb02dc009319094f8513d63c1faaecfb4	x86_64-pc-windows-gnu	no	avif	runtime	futures-channel	0.3.34	MIT OR Apache-2.0	registry+https://github.com/rust-lang/crates.io-index	b1f9e3d69d39e4862ffed03ed071a76f9a13ba1d9109d355b0f0aa6b15e393c4	b1f9e3d69d39e4862ffed03ed071a76f9a13ba1d9109d355b0f0aa6b15e393c4	yes	2	registry+https://github.com/rust-lang/crates.io-index#futures-channel@0.3.34
scripts.d/50-librsvg/99-librsvg.sh	SCRIPT_REPO	7612431eb02dc009319094f8513d63c1faaecfb4	x86_64-pc-windows-gnu	no	avif	runtime	futures-core	0.3.34	MIT OR Apache-2.0	registry+https://github.com/rust-lang/crates.io-index	92d699e522242e69e3003b94ecc1f960f3a5e015aa7c5d7486e65ad01dd94f5e	92d699e522242e69e3003b94ecc1f960f3a5e015aa7c5d7486e65ad01dd94f5e	yes	2	registry+https://github.com/rust-lang/crates.io-index#futures-core@0.3.34
scripts.d/50-librsvg/99-librsvg.sh	SCRIPT_REPO	7612431eb02dc009319094f8513d63c1faaecfb4	x86_64-pc-windows-gnu	no	avif	runtime	futures-executor	0.3.34	MIT OR Apache-2.0	registry+https://github.com/rust-lang/crates.io-index	031b47cf1a3c6cc8bc2fc76cd437f521619387907d469316e7c0bc278f1f5432	031b47cf1a3c6cc8bc2fc76cd437f521619387907d469316e7c0bc278f1f5432	yes	2	registry+https://github.com/rust-lang/crates.io-index#futures-executor@0.3.34
scripts.d/50-librsvg/99-librsvg.sh	SCRIPT_REPO	7612431eb02dc009319094f8513d63c1faaecfb4	x86_64-pc-windows-gnu	no	avif	runtime	futures-io	0.3.34	MIT OR Apache-2.0	registry+https://github.com/rust-lang/crates.io-index	53c0fa8157de1303bfffdaa1cc2a673bfffb60102f76b0ef4441659124373fed	53c0fa8157de1303bfffdaa1cc2a673bfffb60102f76b0ef4441659124373fed	yes	2	registry+https://github.com/rust-lang/crates.io-index#futures-io@0.3.34
scripts.d/50-librsvg/99-librsvg.sh	SCRIPT_REPO	7612431eb02dc009319094f8513d63c1faaecfb4	x86_64-pc-windows-gnu	no	avif	runtime	futures-macro	0.3.34	MIT OR Apache-2.0	registry+https://github.com/rust-lang/crates.io-index	9fb9654ba8355388abeb8dcb4fc62f511300867002afc858860463bdd9fe0c44	9fb9654ba8355388abeb8dcb4fc62f511300867002afc858860463bdd9fe0c44	yes	2	registry+https://github.com/rust-lang/crates.io-index#futures-macro@0.3.34
scripts.d/50-librsvg/99-librsvg.sh	SCRIPT_REPO	7612431eb02dc009319094f8513d63c1faaecfb4	x86_64-pc-windows-gnu	no	avif	runtime	futures-task	0.3.34	MIT OR Apache-2.0	registry+https://github.com/rust-lang/crates.io-index	cd417de3d1d015fc3bfd2b1ea46dfc7bab72ef86f1cc7cc9c78e728b34a6d1fd	cd417de3d1d015fc3bfd2b1ea46dfc7bab72ef86f1cc7cc9c78e728b34a6d1fd	yes	2	registry+https://github.com/rust-lang/crates.io-index#futures-task@0.3.34
scripts.d/50-librsvg/99-librsvg.sh	SCRIPT_REPO	7612431eb02dc009319094f8513d63c1faaecfb4	x86_64-pc-windows-gnu	no	avif	runtime	futures-util	0.3.34	MIT OR Apache-2.0	registry+https://github.com/rust-lang/crates.io-index	0d50a92467f8ba5dd6e3ee5d4bd04d73ab2e4e1c44474a0674821dfce14b79bc	0d50a92467f8ba5dd6e3ee5d4bd04d73ab2e4e1c44474a0674821dfce14b79bc	yes	2	registry+https://github.com/rust-lang/crates.io-index#futures-util@0.3.34
scripts.d/50-librsvg/99-librsvg.sh	SCRIPT_REPO	7612431eb02dc009319094f8513d63c1faaecfb4	x86_64-pc-windows-gnu	no	avif	runtime	gif	0.14.2	MIT OR Apache-2.0	registry+https://github.com/rust-lang/crates.io-index	ee8cfcc411d9adbbaba82fb72661cc1bcca13e8bba98b364e62b2dba8f960159	ee8cfcc411d9adbbaba82fb72661cc1bcca13e8bba98b364e62b2dba8f960159	yes	2	registry+https://github.com/rust-lang/crates.io-index#gif@0.14.2
scripts.d/50-librsvg/99-librsvg.sh	SCRIPT_REPO	7612431eb02dc009319094f8513d63c1faaecfb4	x86_64-pc-windows-gnu	no	avif	runtime	gio	0.22.9	MIT	registry+https://github.com/rust-lang/crates.io-index	b399f4650bb52c051f3fdf49a234e8a27ab5725c8cd774556c55eee64b2c0350	b399f4650bb52c051f3fdf49a234e8a27ab5725c8cd774556c55eee64b2c0350	yes	2	registry+https://github.com/rust-lang/crates.io-index#gio@0.22.9
scripts.d/50-librsvg/99-librsvg.sh	SCRIPT_REPO	7612431eb02dc009319094f8513d63c1faaecfb4	x86_64-pc-windows-gnu	no	avif	runtime	gio-sys	0.22.9	MIT	registry+https://github.com/rust-lang/crates.io-index	6c28739f914c15b87a9856000bed9cbd5b3a8afbca5e982d9a299e1601422cb5	6c28739f914c15b87a9856000bed9cbd5b3a8afbca5e982d9a299e1601422cb5	yes	1	registry+https://github.com/rust-lang/crates.io-index#gio-sys@0.22.9
scripts.d/50-librsvg/99-librsvg.sh	SCRIPT_REPO	7612431eb02dc009319094f8513d63c1faaecfb4	x86_64-pc-windows-gnu	no	avif	runtime	glam	0.30.10	MIT OR Apache-2.0	registry+https://github.com/rust-lang/crates.io-index	19fc433e8437a212d1b6f1e68c7824af3aed907da60afa994e7f542d18d12aa9	19fc433e8437a212d1b6f1e68c7824af3aed907da60afa994e7f542d18d12aa9	yes	2	registry+https://github.com/rust-lang/crates.io-index#glam@0.30.10
scripts.d/50-librsvg/99-librsvg.sh	SCRIPT_REPO	7612431eb02dc009319094f8513d63c1faaecfb4	x86_64-pc-windows-gnu	no	avif	runtime	glam	0.31.1	MIT OR Apache-2.0	registry+https://github.com/rust-lang/crates.io-index	556f6b2ea90b8d15a74e0e7bb41671c9bdf38cd9f78c284d750b9ce58a2b5be7	556f6b2ea90b8d15a74e0e7bb41671c9bdf38cd9f78c284d750b9ce58a2b5be7	yes	2	registry+https://github.com/rust-lang/crates.io-index#glam@0.31.1
scripts.d/50-librsvg/99-librsvg.sh	SCRIPT_REPO	7612431eb02dc009319094f8513d63c1faaecfb4	x86_64-pc-windows-gnu	no	avif	runtime	glam	0.32.1	MIT OR Apache-2.0	registry+https://github.com/rust-lang/crates.io-index	f70749695b063ecbf6b62949ccccde2e733ec3ecbbd71d467dca4e5c6c97cca0	f70749695b063ecbf6b62949ccccde2e733ec3ecbbd71d467dca4e5c6c97cca0	yes	2	registry+https://github.com/rust-lang/crates.io-index#glam@0.32.1
scripts.d/50-librsvg/99-librsvg.sh	SCRIPT_REPO	7612431eb02dc009319094f8513d63c1faaecfb4	x86_64-pc-windows-gnu	no	avif	runtime	glam	0.33.7	MIT OR Apache-2.0	registry+https://github.com/rust-lang/crates.io-index	e762b9b188634fc508d4ec54b62ea3d352c43fd431d18d05d46f559f217f4725	e762b9b188634fc508d4ec54b62ea3d352c43fd431d18d05d46f559f217f4725	yes	2	registry+https://github.com/rust-lang/crates.io-index#glam@0.33.7
scripts.d/50-librsvg/99-librsvg.sh	SCRIPT_REPO	7612431eb02dc009319094f8513d63c1faaecfb4	x86_64-pc-windows-gnu	no	avif	runtime	glib	0.22.9	MIT	registry+https://github.com/rust-lang/crates.io-index	18b9b8d350db41f690ec1b87109f202782748bbd8ab2f2ede17cb40d29e2838c	18b9b8d350db41f690ec1b87109f202782748bbd8ab2f2ede17cb40d29e2838c	yes	2	registry+https://github.com/rust-lang/crates.io-index#glib@0.22.9
scripts.d/50-librsvg/99-librsvg.sh	SCRIPT_REPO	7612431eb02dc009319094f8513d63c1faaecfb4	x86_64-pc-windows-gnu	no	avif	runtime	glib-macros	0.22.9	MIT	registry+https://github.com/rust-lang/crates.io-index	c9597c68fa7bdf4154a3079642cd21c4dccac0b0bdd2897d82861523bf91e7b9	c9597c68fa7bdf4154a3079642cd21c4dccac0b0bdd2897d82861523bf91e7b9	yes	2	registry+https://github.com/rust-lang/crates.io-index#glib-macros@0.22.9
scripts.d/50-librsvg/99-librsvg.sh	SCRIPT_REPO	7612431eb02dc009319094f8513d63c1faaecfb4	x86_64-pc-windows-gnu	no	avif	runtime	glib-sys	0.22.9	MIT	registry+https://github.com/rust-lang/crates.io-index	99b38907e67e40dec9b60f858bcada952598719cb512a13eb13d6cdcd16f8295	99b38907e67e40dec9b60f858bcada952598719cb512a13eb13d6cdcd16f8295	yes	1	registry+https://github.com/rust-lang/crates.io-index#glib-sys@0.22.9
scripts.d/50-librsvg/99-librsvg.sh	SCRIPT_REPO	7612431eb02dc009319094f8513d63c1faaecfb4	x86_64-pc-windows-gnu	no	avif	runtime	gobject-sys	0.22.9	MIT	registry+https://github.com/rust-lang/crates.io-index	07595c9ba696bd9819cb6a8df39f08078f3dd679508fe052dd558492c2053834	07595c9ba696bd9819cb6a8df39f08078f3dd679508fe052dd558492c2053834	yes	1	registry+https://github.com/rust-lang/crates.io-index#gobject-sys@0.22.9
scripts.d/50-librsvg/99-librsvg.sh	SCRIPT_REPO	7612431eb02dc009319094f8513d63c1faaecfb4	x86_64-pc-windows-gnu	no	avif	runtime	hashbrown	0.13.2	MIT OR Apache-2.0	registry+https://github.com/rust-lang/crates.io-index	43a3c133739dddd0d2990f9a4bdf8eb4b21ef50e4851ca85ab661199821d510e	43a3c133739dddd0d2990f9a4bdf8eb4b21ef50e4851ca85ab661199821d510e	yes	2	registry+https://github.com/rust-lang/crates.io-index#hashbrown@0.13.2
scripts.d/50-librsvg/99-librsvg.sh	SCRIPT_REPO	7612431eb02dc009319094f8513d63c1faaecfb4	x86_64-pc-windows-gnu	no	avif	runtime	heck	0.5.0	MIT OR Apache-2.0	registry+https://github.com/rust-lang/crates.io-index	2304e00983f87ffb38b55b444b5e3b60a884b5d30c0fca7d82fe33449bbe55ea	2304e00983f87ffb38b55b444b5e3b60a884b5d30c0fca7d82fe33449bbe55ea	yes	2	registry+https://github.com/rust-lang/crates.io-index#heck@0.5.0
scripts.d/50-librsvg/99-librsvg.sh	SCRIPT_REPO	7612431eb02dc009319094f8513d63c1faaecfb4	x86_64-pc-windows-gnu	no	avif	runtime	icu_collections	2.3.0	Unicode-3.0	registry+https://github.com/rust-lang/crates.io-index	fa68d21081c4a05d5a901a1c62add574c77048b6a1c67be3b50ce0b60d4ca513	fa68d21081c4a05d5a901a1c62add574c77048b6a1c67be3b50ce0b60d4ca513	yes	1	registry+https://github.com/rust-lang/crates.io-index#icu_collections@2.3.0
scripts.d/50-librsvg/99-librsvg.sh	SCRIPT_REPO	7612431eb02dc009319094f8513d63c1faaecfb4	x86_64-pc-windows-gnu	no	avif	runtime	icu_locale_core	2.3.0	Unicode-3.0	registry+https://github.com/rust-lang/crates.io-index	d56e28588da92eee5c3201a6eff33fabdd49b62269c8938d4ff050ce4d900deb	d56e28588da92eee5c3201a6eff33fabdd49b62269c8938d4ff050ce4d900deb	yes	1	registry+https://github.com/rust-lang/crates.io-index#icu_locale_core@2.3.0
scripts.d/50-librsvg/99-librsvg.sh	SCRIPT_REPO	7612431eb02dc009319094f8513d63c1faaecfb4	x86_64-pc-windows-gnu	no	avif	runtime	icu_normalizer	2.3.0	Unicode-3.0	registry+https://github.com/rust-lang/crates.io-index	12f9cf5f235641ed274641dd81c3f28d870e276763d0797aeeab72317b1c646f	12f9cf5f235641ed274641dd81c3f28d870e276763d0797aeeab72317b1c646f	yes	1	registry+https://github.com/rust-lang/crates.io-index#icu_normalizer@2.3.0
scripts.d/50-librsvg/99-librsvg.sh	SCRIPT_REPO	7612431eb02dc009319094f8513d63c1faaecfb4	x86_64-pc-windows-gnu	no	avif	runtime	icu_normalizer_data	2.3.0	Unicode-3.0	registry+https://github.com/rust-lang/crates.io-index	1563da1ed3e0b3bf3d74c9b85917ac9c56464d2f57242270c09c9e752f8021a0	1563da1ed3e0b3bf3d74c9b85917ac9c56464d2f57242270c09c9e752f8021a0	yes	1	registry+https://github.com/rust-lang/crates.io-index#icu_normalizer_data@2.3.0
scripts.d/50-librsvg/99-librsvg.sh	SCRIPT_REPO	7612431eb02dc009319094f8513d63c1faaecfb4	x86_64-pc-windows-gnu	no	avif	runtime	icu_properties	2.3.0	Unicode-3.0	registry+https://github.com/rust-lang/crates.io-index	7e7ca276ad3145661a65914e6daf131ca5120cd3dcee8f8f3214b8875184a148	7e7ca276ad3145661a65914e6daf131ca5120cd3dcee8f8f3214b8875184a148	yes	1	registry+https://github.com/rust-lang/crates.io-index#icu_properties@2.3.0
scripts.d/50-librsvg/99-librsvg.sh	SCRIPT_REPO	7612431eb02dc009319094f8513d63c1faaecfb4	x86_64-pc-windows-gnu	no	avif	runtime	icu_properties_data	2.3.0	Unicode-3.0	registry+https://github.com/rust-lang/crates.io-index	e590f038c1464a96894fd6d10127e90a8be4509f56ff7ecef851b15cee0b7caa	e590f038c1464a96894fd6d10127e90a8be4509f56ff7ecef851b15cee0b7caa	yes	1	registry+https://github.com/rust-lang/crates.io-index#icu_properties_data@2.3.0
scripts.d/50-librsvg/99-librsvg.sh	SCRIPT_REPO	7612431eb02dc009319094f8513d63c1faaecfb4	x86_64-pc-windows-gnu	no	avif	runtime	icu_provider	2.3.1	Unicode-3.0	registry+https://github.com/rust-lang/crates.io-index	d27bbb9d3abbefac45d55f647c9de1d44aafcd1186eb91879afef17c396c3e73	d27bbb9d3abbefac45d55f647c9de1d44aafcd1186eb91879afef17c396c3e73	yes	1	registry+https://github.com/rust-lang/crates.io-index#icu_provider@2.3.1
scripts.d/50-librsvg/99-librsvg.sh	SCRIPT_REPO	7612431eb02dc009319094f8513d63c1faaecfb4	x86_64-pc-windows-gnu	no	avif	runtime	idna	1.1.0	MIT OR Apache-2.0	registry+https://github.com/rust-lang/crates.io-index	3b0875f23caa03898994f6ddc501886a45c7d3d62d04d2d90788d47be1b1e4de	3b0875f23caa03898994f6ddc501886a45c7d3d62d04d2d90788d47be1b1e4de	yes	2	registry+https://github.com/rust-lang/crates.io-index#idna@1.1.0
scripts.d/50-librsvg/99-librsvg.sh	SCRIPT_REPO	7612431eb02dc009319094f8513d63c1faaecfb4	x86_64-pc-windows-gnu	no	avif	runtime	idna_adapter	1.2.2	Apache-2.0 OR MIT	registry+https://github.com/rust-lang/crates.io-index	cb68373c0d6620ef8105e855e7745e18b0d00d3bdb07fb532e434244cdb9a714	cb68373c0d6620ef8105e855e7745e18b0d00d3bdb07fb532e434244cdb9a714	yes	2	registry+https://github.com/rust-lang/crates.io-index#idna_adapter@1.2.2
scripts.d/50-librsvg/99-librsvg.sh	SCRIPT_REPO	7612431eb02dc009319094f8513d63c1faaecfb4	x86_64-pc-windows-gnu	no	avif	runtime	image	0.25.10	MIT OR Apache-2.0	registry+https://github.com/rust-lang/crates.io-index	85ab80394333c02fe689eaf900ab500fbd0c2213da414687ebf995a65d5a6104	85ab80394333c02fe689eaf900ab500fbd0c2213da414687ebf995a65d5a6104	yes	2	registry+https://github.com/rust-lang/crates.io-index#image@0.25.10
scripts.d/50-librsvg/99-librsvg.sh	SCRIPT_REPO	7612431eb02dc009319094f8513d63c1faaecfb4	x86_64-pc-windows-gnu	no	avif	runtime	image-webp	0.2.4	MIT OR Apache-2.0	registry+https://github.com/rust-lang/crates.io-index	525e9ff3e1a4be2fbea1fdf0e98686a6d98b4d8f937e1bf7402245af1909e8c3	525e9ff3e1a4be2fbea1fdf0e98686a6d98b4d8f937e1bf7402245af1909e8c3	yes	2	registry+https://github.com/rust-lang/crates.io-index#image-webp@0.2.4
scripts.d/50-librsvg/99-librsvg.sh	SCRIPT_REPO	7612431eb02dc009319094f8513d63c1faaecfb4	x86_64-pc-windows-gnu	no	avif	runtime	itertools	0.15.0	MIT OR Apache-2.0	registry+https://github.com/rust-lang/crates.io-index	8b4baf93f58d4425749ca49a51c50ebab072c5df6994d08fed93541c331481dc	8b4baf93f58d4425749ca49a51c50ebab072c5df6994d08fed93541c331481dc	yes	2	registry+https://github.com/rust-lang/crates.io-index#itertools@0.15.0
scripts.d/50-librsvg/99-librsvg.sh	SCRIPT_REPO	7612431eb02dc009319094f8513d63c1faaecfb4	x86_64-pc-windows-gnu	no	avif	runtime	itoa	1.0.18	MIT OR Apache-2.0	registry+https://github.com/rust-lang/crates.io-index	8f42a60cbdf9a97f5d2305f08a87dc4e09308d1276d28c869c684d7777685682	8f42a60cbdf9a97f5d2305f08a87dc4e09308d1276d28c869c684d7777685682	yes	2	registry+https://github.com/rust-lang/crates.io-index#itoa@1.0.18
scripts.d/50-librsvg/99-librsvg.sh	SCRIPT_REPO	7612431eb02dc009319094f8513d63c1faaecfb4	x86_64-pc-windows-gnu	no	avif	runtime	language-tags	0.3.2	MIT/Apache-2.0	registry+https://github.com/rust-lang/crates.io-index	d4345964bb142484797b161f473a503a434de77149dd8c7427788c6e13379388	d4345964bb142484797b161f473a503a434de77149dd8c7427788c6e13379388	yes	1	registry+https://github.com/rust-lang/crates.io-index#language-tags@0.3.2
scripts.d/50-librsvg/99-librsvg.sh	SCRIPT_REPO	7612431eb02dc009319094f8513d63c1faaecfb4	x86_64-pc-windows-gnu	no	avif	runtime	lazy_static	1.5.0	MIT OR Apache-2.0	registry+https://github.com/rust-lang/crates.io-index	bbd2bcb4c963f2ddae06a2efc7e9f3591312473c50c6685e1f298068316e66fe	bbd2bcb4c963f2ddae06a2efc7e9f3591312473c50c6685e1f298068316e66fe	yes	2	registry+https://github.com/rust-lang/crates.io-index#lazy_static@1.5.0
scripts.d/50-librsvg/99-librsvg.sh	SCRIPT_REPO	7612431eb02dc009319094f8513d63c1faaecfb4	x86_64-pc-windows-gnu	no	avif	runtime	libc	0.2.189	MIT OR Apache-2.0	registry+https://github.com/rust-lang/crates.io-index	3eaf3ede3fee6db1a4c2ee091bf8a8b4dccdc6d17f656fb07896ee72867612f2	3eaf3ede3fee6db1a4c2ee091bf8a8b4dccdc6d17f656fb07896ee72867612f2	yes	2	registry+https://github.com/rust-lang/crates.io-index#libc@0.2.189
scripts.d/50-librsvg/99-librsvg.sh	SCRIPT_REPO	7612431eb02dc009319094f8513d63c1faaecfb4	x86_64-pc-windows-gnu	no	avif	runtime	librsvg	2.63.2	LGPL-2.1-or-later	workspace			n/a	1	workspace#librsvg@2.63.2
scripts.d/50-librsvg/99-librsvg.sh	SCRIPT_REPO	7612431eb02dc009319094f8513d63c1faaecfb4	x86_64-pc-windows-gnu	no	avif	runtime	librsvg-c	2.63.2	LGPL-2.1-or-later	workspace			n/a	1	workspace#librsvg-c@2.63.2
scripts.d/50-librsvg/99-librsvg.sh	SCRIPT_REPO	7612431eb02dc009319094f8513d63c1faaecfb4	x86_64-pc-windows-gnu	no	avif	runtime	litemap	0.8.3	Unicode-3.0	registry+https://github.com/rust-lang/crates.io-index	47d9d19d1d6efa0109d2f65ff4c85cddd50bd572e5a00127ab10987290bcefae	47d9d19d1d6efa0109d2f65ff4c85cddd50bd572e5a00127ab10987290bcefae	yes	1	registry+https://github.com/rust-lang/crates.io-index#litemap@0.8.3
scripts.d/50-librsvg/99-librsvg.sh	SCRIPT_REPO	7612431eb02dc009319094f8513d63c1faaecfb4	x86_64-pc-windows-gnu	no	avif	runtime	locale_config	0.3.0	MIT	registry+https://github.com/rust-lang/crates.io-index	08d2c35b16f4483f6c26f0e4e9550717a2f6575bcd6f12a53ff0c490a94a6934	08d2c35b16f4483f6c26f0e4e9550717a2f6575bcd6f12a53ff0c490a94a6934	yes	1	registry+https://github.com/rust-lang/crates.io-index#locale_config@0.3.0
scripts.d/50-librsvg/99-librsvg.sh	SCRIPT_REPO	7612431eb02dc009319094f8513d63c1faaecfb4	x86_64-pc-windows-gnu	no	avif	runtime	lock_api	0.4.14	MIT OR Apache-2.0	registry+https://github.com/rust-lang/crates.io-index	224399e74b87b5f3557511d98dff8b14089b3dadafcab6bb93eab67d3aace965	224399e74b87b5f3557511d98dff8b14089b3dadafcab6bb93eab67d3aace965	yes	2	registry+https://github.com/rust-lang/crates.io-index#lock_api@0.4.14
scripts.d/50-librsvg/99-librsvg.sh	SCRIPT_REPO	7612431eb02dc009319094f8513d63c1faaecfb4	x86_64-pc-windows-gnu	no	avif	runtime	log	0.4.34	MIT OR Apache-2.0	registry+https://github.com/rust-lang/crates.io-index	f9f8bd3e56ce4dfc153cf470fffbfa98c7620958b312ca5c3a4b8d5181fd13c6	f9f8bd3e56ce4dfc153cf470fffbfa98c7620958b312ca5c3a4b8d5181fd13c6	yes	2	registry+https://github.com/rust-lang/crates.io-index#log@0.4.34
scripts.d/50-librsvg/99-librsvg.sh	SCRIPT_REPO	7612431eb02dc009319094f8513d63c1faaecfb4	x86_64-pc-windows-gnu	no	avif	runtime	markup5ever	0.39.0	MIT OR Apache-2.0	registry+https://github.com/rust-lang/crates.io-index	7122d987ec5f704ee56f6e5b41a7d93722e9aae27ae07cafa4036c4d3f9757de	7122d987ec5f704ee56f6e5b41a7d93722e9aae27ae07cafa4036c4d3f9757de	yes	2	registry+https://github.com/rust-lang/crates.io-index#markup5ever@0.39.0
scripts.d/50-librsvg/99-librsvg.sh	SCRIPT_REPO	7612431eb02dc009319094f8513d63c1faaecfb4	x86_64-pc-windows-gnu	no	avif	runtime	matrixmultiply	0.3.11	MIT/Apache-2.0	registry+https://github.com/rust-lang/crates.io-index	3f607c237553f086e7043417a51df26b2eb899d3caff94e6a67592ff992fedc7	3f607c237553f086e7043417a51df26b2eb899d3caff94e6a67592ff992fedc7	yes	2	registry+https://github.com/rust-lang/crates.io-index#matrixmultiply@0.3.11
scripts.d/50-librsvg/99-librsvg.sh	SCRIPT_REPO	7612431eb02dc009319094f8513d63c1faaecfb4	x86_64-pc-windows-gnu	no	avif	runtime	memchr	2.8.3	Unlicense OR MIT	registry+https://github.com/rust-lang/crates.io-index	cf8baf1c55e62ffcace7a9f06f4bd9cd3f0c4beb022d3b367256b91b87513d98	cf8baf1c55e62ffcace7a9f06f4bd9cd3f0c4beb022d3b367256b91b87513d98	yes	3	registry+https://github.com/rust-lang/crates.io-index#memchr@2.8.3
scripts.d/50-librsvg/99-librsvg.sh	SCRIPT_REPO	7612431eb02dc009319094f8513d63c1faaecfb4	x86_64-pc-windows-gnu	no	avif	runtime	miniz_oxide	0.8.9	MIT OR Zlib OR Apache-2.0	registry+https://github.com/rust-lang/crates.io-index	1fa76a2c86f704bdb222d66965fb3d63269ce38518b83cb0575fca855ebb6316	1fa76a2c86f704bdb222d66965fb3d63269ce38518b83cb0575fca855ebb6316	yes	4	registry+https://github.com/rust-lang/crates.io-index#miniz_oxide@0.8.9
scripts.d/50-librsvg/99-librsvg.sh	SCRIPT_REPO	7612431eb02dc009319094f8513d63c1faaecfb4	x86_64-pc-windows-gnu	no	avif	runtime	miniz_oxide	0.9.1	MIT OR Zlib OR Apache-2.0	registry+https://github.com/rust-lang/crates.io-index	b63fbc4a50860e98e7b2aa7804ded1db5cbc3aff9193adaff57a6931bf7c4b4c	b63fbc4a50860e98e7b2aa7804ded1db5cbc3aff9193adaff57a6931bf7c4b4c	yes	4	registry+https://github.com/rust-lang/crates.io-index#miniz_oxide@0.9.1
scripts.d/50-librsvg/99-librsvg.sh	SCRIPT_REPO	7612431eb02dc009319094f8513d63c1faaecfb4	x86_64-pc-windows-gnu	no	avif	runtime	moxcms	0.8.1	BSD-3-Clause OR Apache-2.0	registry+https://github.com/rust-lang/crates.io-index	bb85c154ba489f01b25c0d36ae69a87e4a1c73a72631fc6c0eb6dde34a73e44b	bb85c154ba489f01b25c0d36ae69a87e4a1c73a72631fc6c0eb6dde34a73e44b	yes	2	registry+https://github.com/rust-lang/crates.io-index#moxcms@0.8.1
scripts.d/50-librsvg/99-librsvg.sh	SCRIPT_REPO	7612431eb02dc009319094f8513d63c1faaecfb4	x86_64-pc-windows-gnu	no	avif	runtime	mp4parse	0.17.0	MPL-2.0	registry+https://github.com/rust-lang/crates.io-index	63a35203d3c6ce92d5251c77520acb2e57108c88728695aa883f70023624c570	63a35203d3c6ce92d5251c77520acb2e57108c88728695aa883f70023624c570	yes	1	registry+https://github.com/rust-lang/crates.io-index#mp4parse@0.17.0
scripts.d/50-librsvg/99-librsvg.sh	SCRIPT_REPO	7612431eb02dc009319094f8513d63c1faaecfb4	x86_64-pc-windows-gnu	no	avif	runtime	multiversion	0.9.0	MIT OR Apache-2.0	registry+https://github.com/rust-lang/crates.io-index	b4ca4bea16ffc3f443cf7d866912118196bfef4c6a1556ca00f9f9b00bb43f7c	b4ca4bea16ffc3f443cf7d866912118196bfef4c6a1556ca00f9f9b00bb43f7c	yes	2	registry+https://github.com/rust-lang/crates.io-index#multiversion@0.9.0
scripts.d/50-librsvg/99-librsvg.sh	SCRIPT_REPO	7612431eb02dc009319094f8513d63c1faaecfb4	x86_64-pc-windows-gnu	no	avif	runtime	multiversion-macros	0.9.0	MIT OR Apache-2.0	registry+https://github.com/rust-lang/crates.io-index	0d416831a7317ef4b08bee00b69cbbb9c8763da7959a7026244d6266869f9c83	0d416831a7317ef4b08bee00b69cbbb9c8763da7959a7026244d6266869f9c83	yes	2	registry+https://github.com/rust-lang/crates.io-index#multiversion-macros@0.9.0
scripts.d/50-librsvg/99-librsvg.sh	SCRIPT_REPO	7612431eb02dc009319094f8513d63c1faaecfb4	x86_64-pc-windows-gnu	no	avif	runtime	multiversion_no_op	1.0.0	Apache-2.0 OR MIT	registry+https://github.com/rust-lang/crates.io-index	743fb55ba31b18fb1ecef6bdc9aa2743314978ac084044301a7eee33fb99a20d	743fb55ba31b18fb1ecef6bdc9aa2743314978ac084044301a7eee33fb99a20d	yes	3	registry+https://github.com/rust-lang/crates.io-index#multiversion_no_op@1.0.0
scripts.d/50-librsvg/99-librsvg.sh	SCRIPT_REPO	7612431eb02dc009319094f8513d63c1faaecfb4	x86_64-pc-windows-gnu	no	avif	runtime	mutants	0.0.4	MIT	registry+https://github.com/rust-lang/crates.io-index	add0ac067452ff1aca8c5002111bd6b1c895baee6e45fcbc44e0193aea17be56	add0ac067452ff1aca8c5002111bd6b1c895baee6e45fcbc44e0193aea17be56	yes	1	registry+https://github.com/rust-lang/crates.io-index#mutants@0.0.4
scripts.d/50-librsvg/99-librsvg.sh	SCRIPT_REPO	7612431eb02dc009319094f8513d63c1faaecfb4	x86_64-pc-windows-gnu	no	avif	runtime	nalgebra	0.35.0	Apache-2.0	registry+https://github.com/rust-lang/crates.io-index	adc43a60c217b0c6ff46e47f26911015ad8d2e5a8be1af668c67e370d99a4346	adc43a60c217b0c6ff46e47f26911015ad8d2e5a8be1af668c67e370d99a4346	yes	1	registry+https://github.com/rust-lang/crates.io-index#nalgebra@0.35.0
scripts.d/50-librsvg/99-librsvg.sh	SCRIPT_REPO	7612431eb02dc009319094f8513d63c1faaecfb4	x86_64-pc-windows-gnu	no	avif	runtime	nalgebra-macros	0.3.0	Apache-2.0	registry+https://github.com/rust-lang/crates.io-index	973e7178a678cfd059ccec50887658d482ce16b0aa9da3888ddeab5cd5eb4889	973e7178a678cfd059ccec50887658d482ce16b0aa9da3888ddeab5cd5eb4889	yes	1	registry+https://github.com/rust-lang/crates.io-index#nalgebra-macros@0.3.0
scripts.d/50-librsvg/99-librsvg.sh	SCRIPT_REPO	7612431eb02dc009319094f8513d63c1faaecfb4	x86_64-pc-windows-gnu	no	avif	runtime	new_debug_unreachable	1.0.6	MIT	registry+https://github.com/rust-lang/crates.io-index	650eef8c711430f1a879fdd01d4745a7deea475becfb90269c06775983bbf086	650eef8c711430f1a879fdd01d4745a7deea475becfb90269c06775983bbf086	yes	1	registry+https://github.com/rust-lang/crates.io-index#new_debug_unreachable@1.0.6
scripts.d/50-librsvg/99-librsvg.sh	SCRIPT_REPO	7612431eb02dc009319094f8513d63c1faaecfb4	x86_64-pc-windows-gnu	no	avif	runtime	num-bigint	0.4.8	MIT OR Apache-2.0	registry+https://github.com/rust-lang/crates.io-index	c89e69e7e0f03bea5ef08013795c25018e101932225a656383bd384495ecc367	c89e69e7e0f03bea5ef08013795c25018e101932225a656383bd384495ecc367	yes	2	registry+https://github.com/rust-lang/crates.io-index#num-bigint@0.4.8
scripts.d/50-librsvg/99-librsvg.sh	SCRIPT_REPO	7612431eb02dc009319094f8513d63c1faaecfb4	x86_64-pc-windows-gnu	no	avif	runtime	num-complex	0.4.6	MIT OR Apache-2.0	registry+https://github.com/rust-lang/crates.io-index	73f88a1307638156682bada9d7604135552957b7818057dcef22705b4d509495	73f88a1307638156682bada9d7604135552957b7818057dcef22705b4d509495	yes	2	registry+https://github.com/rust-lang/crates.io-index#num-complex@0.4.6
scripts.d/50-librsvg/99-librsvg.sh	SCRIPT_REPO	7612431eb02dc009319094f8513d63c1faaecfb4	x86_64-pc-windows-gnu	no	avif	runtime	num-derive	0.4.2	MIT OR Apache-2.0	registry+https://github.com/rust-lang/crates.io-index	ed3955f1a9c7c0c15e092f9c887db08b1fc683305fdf6eb6684f22555355e202	ed3955f1a9c7c0c15e092f9c887db08b1fc683305fdf6eb6684f22555355e202	yes	2	registry+https://github.com/rust-lang/crates.io-index#num-derive@0.4.2
scripts.d/50-librsvg/99-librsvg.sh	SCRIPT_REPO	7612431eb02dc009319094f8513d63c1faaecfb4	x86_64-pc-windows-gnu	no	avif	runtime	num-integer	0.1.47	MIT OR Apache-2.0	registry+https://github.com/rust-lang/crates.io-index	7ce2d95d4b3734dc35aa2f45e1aa22cd416814592a4f9d9205e11affd5b8e10b	7ce2d95d4b3734dc35aa2f45e1aa22cd416814592a4f9d9205e11affd5b8e10b	yes	2	registry+https://github.com/rust-lang/crates.io-index#num-integer@0.1.47
scripts.d/50-librsvg/99-librsvg.sh	SCRIPT_REPO	7612431eb02dc009319094f8513d63c1faaecfb4	x86_64-pc-windows-gnu	no	avif	runtime	num-rational	0.4.2	MIT OR Apache-2.0	registry+https://github.com/rust-lang/crates.io-index	f83d14da390562dca69fc84082e73e548e1ad308d24accdedd2720017cb37824	f83d14da390562dca69fc84082e73e548e1ad308d24accdedd2720017cb37824	yes	2	registry+https://github.com/rust-lang/crates.io-index#num-rational@0.4.2
scripts.d/50-librsvg/99-librsvg.sh	SCRIPT_REPO	7612431eb02dc009319094f8513d63c1faaecfb4	x86_64-pc-windows-gnu	no	avif	runtime	num-traits	0.2.19	MIT OR Apache-2.0	registry+https://github.com/rust-lang/crates.io-index	071dfc062690e90b734c0b2273ce72ad0ffa95f0c74596bc250dcfd960262841	071dfc062690e90b734c0b2273ce72ad0ffa95f0c74596bc250dcfd960262841	yes	2	registry+https://github.com/rust-lang/crates.io-index#num-traits@0.2.19
scripts.d/50-librsvg/99-librsvg.sh	SCRIPT_REPO	7612431eb02dc009319094f8513d63c1faaecfb4	x86_64-pc-windows-gnu	no	avif	runtime	once_cell	1.21.4	MIT OR Apache-2.0	registry+https://github.com/rust-lang/crates.io-index	9f7c3e4beb33f85d45ae3e3a1792185706c8e16d043238c593331cc7cd313b50	9f7c3e4beb33f85d45ae3e3a1792185706c8e16d043238c593331cc7cd313b50	yes	2	registry+https://github.com/rust-lang/crates.io-index#once_cell@1.21.4
scripts.d/50-librsvg/99-librsvg.sh	SCRIPT_REPO	7612431eb02dc009319094f8513d63c1faaecfb4	x86_64-pc-windows-gnu	no	avif	runtime	pango	0.22.9	MIT	registry+https://github.com/rust-lang/crates.io-index	0b2022dbbd82e1c42bd950a6f1df9b98c796e725dce5ec275e03cbf9772e4efa	0b2022dbbd82e1c42bd950a6f1df9b98c796e725dce5ec275e03cbf9772e4efa	yes	2	registry+https://github.com/rust-lang/crates.io-index#pango@0.22.9
scripts.d/50-librsvg/99-librsvg.sh	SCRIPT_REPO	7612431eb02dc009319094f8513d63c1faaecfb4	x86_64-pc-windows-gnu	no	avif	runtime	pango-sys	0.22.9	MIT	registry+https://github.com/rust-lang/crates.io-index	ca02d64761b74d56cdd4b437db6d73dc95e6c0d40f27e1c707952c0f09052948	ca02d64761b74d56cdd4b437db6d73dc95e6c0d40f27e1c707952c0f09052948	yes	1	registry+https://github.com/rust-lang/crates.io-index#pango-sys@0.22.9
scripts.d/50-librsvg/99-librsvg.sh	SCRIPT_REPO	7612431eb02dc009319094f8513d63c1faaecfb4	x86_64-pc-windows-gnu	no	avif	runtime	pangocairo	0.22.9	MIT	registry+https://github.com/rust-lang/crates.io-index	bd199a0fef965b3ebda91a929a1ab5e7729538882c68e8de38e1904d2e094757	bd199a0fef965b3ebda91a929a1ab5e7729538882c68e8de38e1904d2e094757	yes	2	registry+https://github.com/rust-lang/crates.io-index#pangocairo@0.22.9
scripts.d/50-librsvg/99-librsvg.sh	SCRIPT_REPO	7612431eb02dc009319094f8513d63c1faaecfb4	x86_64-pc-windows-gnu	no	avif	runtime	pangocairo-sys	0.22.9	MIT	registry+https://github.com/rust-lang/crates.io-index	a649a616d67ae68539bc85f00fb45d36fba742ed20fc20e6712a15d8ee52bd3f	a649a616d67ae68539bc85f00fb45d36fba742ed20fc20e6712a15d8ee52bd3f	yes	1	registry+https://github.com/rust-lang/crates.io-index#pangocairo-sys@0.22.9
scripts.d/50-librsvg/99-librsvg.sh	SCRIPT_REPO	7612431eb02dc009319094f8513d63c1faaecfb4	x86_64-pc-windows-gnu	no	avif	runtime	parking_lot	0.12.5	MIT OR Apache-2.0	registry+https://github.com/rust-lang/crates.io-index	93857453250e3077bd71ff98b6a65ea6621a19bb0f559a85248955ac12c45a1a	93857453250e3077bd71ff98b6a65ea6621a19bb0f559a85248955ac12c45a1a	yes	2	registry+https://github.com/rust-lang/crates.io-index#parking_lot@0.12.5
scripts.d/50-librsvg/99-librsvg.sh	SCRIPT_REPO	7612431eb02dc009319094f8513d63c1faaecfb4	x86_64-pc-windows-gnu	no	avif	runtime	parking_lot_core	0.9.12	MIT OR Apache-2.0	registry+https://github.com/rust-lang/crates.io-index	2621685985a2ebf1c516881c026032ac7deafcda1a2c9b7850dc81e3dfcb64c1	2621685985a2ebf1c516881c026032ac7deafcda1a2c9b7850dc81e3dfcb64c1	yes	2	registry+https://github.com/rust-lang/crates.io-index#parking_lot_core@0.9.12
scripts.d/50-librsvg/99-librsvg.sh	SCRIPT_REPO	7612431eb02dc009319094f8513d63c1faaecfb4	x86_64-pc-windows-gnu	no	avif	runtime	percent-encoding	2.3.2	MIT OR Apache-2.0	registry+https://github.com/rust-lang/crates.io-index	9b4f627cb1b25917193a259e49bdad08f671f8d9708acfd5fe0a8c1455d87220	9b4f627cb1b25917193a259e49bdad08f671f8d9708acfd5fe0a8c1455d87220	yes	2	registry+https://github.com/rust-lang/crates.io-index#percent-encoding@2.3.2
scripts.d/50-librsvg/99-librsvg.sh	SCRIPT_REPO	7612431eb02dc009319094f8513d63c1faaecfb4	x86_64-pc-windows-gnu	no	avif	runtime	phf	0.13.1	MIT	registry+https://github.com/rust-lang/crates.io-index	c1562dc717473dbaa4c1f85a36410e03c047b2e7df7f45ee938fbef64ae7fadf	c1562dc717473dbaa4c1f85a36410e03c047b2e7df7f45ee938fbef64ae7fadf	yes	1	registry+https://github.com/rust-lang/crates.io-index#phf@0.13.1
scripts.d/50-librsvg/99-librsvg.sh	SCRIPT_REPO	7612431eb02dc009319094f8513d63c1faaecfb4	x86_64-pc-windows-gnu	no	avif	runtime	phf_generator	0.13.1	MIT	registry+https://github.com/rust-lang/crates.io-index	135ace3a761e564ec88c03a77317a7c6b80bb7f7135ef2544dbe054243b89737	135ace3a761e564ec88c03a77317a7c6b80bb7f7135ef2544dbe054243b89737	yes	1	registry+https://github.com/rust-lang/crates.io-index#phf_generator@0.13.1
scripts.d/50-librsvg/99-librsvg.sh	SCRIPT_REPO	7612431eb02dc009319094f8513d63c1faaecfb4	x86_64-pc-windows-gnu	no	avif	runtime	phf_macros	0.13.1	MIT	registry+https://github.com/rust-lang/crates.io-index	812f032b54b1e759ccd5f8b6677695d5268c588701effba24601f6932f8269ef	812f032b54b1e759ccd5f8b6677695d5268c588701effba24601f6932f8269ef	yes	1	registry+https://github.com/rust-lang/crates.io-index#phf_macros@0.13.1
scripts.d/50-librsvg/99-librsvg.sh	SCRIPT_REPO	7612431eb02dc009319094f8513d63c1faaecfb4	x86_64-pc-windows-gnu	no	avif	runtime	phf_shared	0.13.1	MIT	registry+https://github.com/rust-lang/crates.io-index	e57fef6bc5981e38c2ce2d63bfa546861309f875b8a75f092d1d54ae2d64f266	e57fef6bc5981e38c2ce2d63bfa546861309f875b8a75f092d1d54ae2d64f266	yes	1	registry+https://github.com/rust-lang/crates.io-index#phf_shared@0.13.1
scripts.d/50-librsvg/99-librsvg.sh	SCRIPT_REPO	7612431eb02dc009319094f8513d63c1faaecfb4	x86_64-pc-windows-gnu	no	avif	runtime	phf_shared	0.14.0	MIT	registry+https://github.com/rust-lang/crates.io-index	c6fd9027e2d9319be6349febd1db4e8d02aa544921200c9b777720ac34a3aa89	c6fd9027e2d9319be6349febd1db4e8d02aa544921200c9b777720ac34a3aa89	yes	1	registry+https://github.com/rust-lang/crates.io-index#phf_shared@0.14.0
scripts.d/50-librsvg/99-librsvg.sh	SCRIPT_REPO	7612431eb02dc009319094f8513d63c1faaecfb4	x86_64-pc-windows-gnu	no	avif	runtime	pin-project-lite	0.2.17	Apache-2.0 OR MIT	registry+https://github.com/rust-lang/crates.io-index	a89322df9ebe1c1578d689c92318e070967d1042b512afbe49518723f4e6d5cd	a89322df9ebe1c1578d689c92318e070967d1042b512afbe49518723f4e6d5cd	yes	2	registry+https://github.com/rust-lang/crates.io-index#pin-project-lite@0.2.17
scripts.d/50-librsvg/99-librsvg.sh	SCRIPT_REPO	7612431eb02dc009319094f8513d63c1faaecfb4	x86_64-pc-windows-gnu	no	avif	runtime	png	0.18.1	MIT OR Apache-2.0	registry+https://github.com/rust-lang/crates.io-index	60769b8b31b2a9f263dae2776c37b1b28ae246943cf719eb6946a1db05128a61	60769b8b31b2a9f263dae2776c37b1b28ae246943cf719eb6946a1db05128a61	yes	2	registry+https://github.com/rust-lang/crates.io-index#png@0.18.1
scripts.d/50-librsvg/99-librsvg.sh	SCRIPT_REPO	7612431eb02dc009319094f8513d63c1faaecfb4	x86_64-pc-windows-gnu	no	avif	runtime	potential_utf	0.1.6	Unicode-3.0	registry+https://github.com/rust-lang/crates.io-index	d83eb9bc6d8e5cf568e7a1101d60ee05e81ed50ea106026f3d18deeb046d7661	d83eb9bc6d8e5cf568e7a1101d60ee05e81ed50ea106026f3d18deeb046d7661	yes	1	registry+https://github.com/rust-lang/crates.io-index#potential_utf@0.1.6
scripts.d/50-librsvg/99-librsvg.sh	SCRIPT_REPO	7612431eb02dc009319094f8513d63c1faaecfb4	x86_64-pc-windows-gnu	no	avif	runtime	precomputed-hash	0.1.1	MIT	registry+https://github.com/rust-lang/crates.io-index	925383efa346730478fb4838dbe9137d2a47675ad789c546d150a6e1dd4ab31c	925383efa346730478fb4838dbe9137d2a47675ad789c546d150a6e1dd4ab31c	yes	1	registry+https://github.com/rust-lang/crates.io-index#precomputed-hash@0.1.1
scripts.d/50-librsvg/99-librsvg.sh	SCRIPT_REPO	7612431eb02dc009319094f8513d63c1faaecfb4	x86_64-pc-windows-gnu	no	avif	runtime	proc-macro2	1.0.107	MIT OR Apache-2.0	registry+https://github.com/rust-lang/crates.io-index	985e7ec9bb745e6ce6535b544d84d6cd6f7ad8bd711c398938ae983b91a766d9	985e7ec9bb745e6ce6535b544d84d6cd6f7ad8bd711c398938ae983b91a766d9	yes	2	registry+https://github.com/rust-lang/crates.io-index#proc-macro2@1.0.107
scripts.d/50-librsvg/99-librsvg.sh	SCRIPT_REPO	7612431eb02dc009319094f8513d63c1faaecfb4	x86_64-pc-windows-gnu	no	avif	runtime	pxfm	0.1.30	BSD-3-Clause OR Apache-2.0	registry+https://github.com/rust-lang/crates.io-index	d55d956fa96f5ec02be2e13af0e20391a5aa83d6a074e3ad368959d0fab299ea	d55d956fa96f5ec02be2e13af0e20391a5aa83d6a074e3ad368959d0fab299ea	yes	2	registry+https://github.com/rust-lang/crates.io-index#pxfm@0.1.30
scripts.d/50-librsvg/99-librsvg.sh	SCRIPT_REPO	7612431eb02dc009319094f8513d63c1faaecfb4	x86_64-pc-windows-gnu	no	avif	runtime	quick-error	2.0.1	MIT/Apache-2.0	registry+https://github.com/rust-lang/crates.io-index	a993555f31e5a609f617c12db6250dedcac1b0a85076912c436e6fc9b2c8e6a3	a993555f31e5a609f617c12db6250dedcac1b0a85076912c436e6fc9b2c8e6a3	yes	2	registry+https://github.com/rust-lang/crates.io-index#quick-error@2.0.1
scripts.d/50-librsvg/99-librsvg.sh	SCRIPT_REPO	7612431eb02dc009319094f8513d63c1faaecfb4	x86_64-pc-windows-gnu	no	avif	runtime	quote	1.0.47	MIT OR Apache-2.0	registry+https://github.com/rust-lang/crates.io-index	1fbf4db142a473a8d80c26bbf18454ed458bf8d26c8219c331daecfdbd079001	1fbf4db142a473a8d80c26bbf18454ed458bf8d26c8219c331daecfdbd079001	yes	2	registry+https://github.com/rust-lang/crates.io-index#quote@1.0.47
scripts.d/50-librsvg/99-librsvg.sh	SCRIPT_REPO	7612431eb02dc009319094f8513d63c1faaecfb4	x86_64-pc-windows-gnu	no	avif	runtime	rawpointer	0.2.1	MIT/Apache-2.0	registry+https://github.com/rust-lang/crates.io-index	60a357793950651c4ed0f3f52338f53b2f809f32d83a07f72909fa13e4c6c1e3	60a357793950651c4ed0f3f52338f53b2f809f32d83a07f72909fa13e4c6c1e3	yes	2	registry+https://github.com/rust-lang/crates.io-index#rawpointer@0.2.1
scripts.d/50-librsvg/99-librsvg.sh	SCRIPT_REPO	7612431eb02dc009319094f8513d63c1faaecfb4	x86_64-pc-windows-gnu	no	avif	runtime	rayon	1.12.0	MIT OR Apache-2.0	registry+https://github.com/rust-lang/crates.io-index	fb39b166781f92d482534ef4b4b1b2568f42613b53e5b6c160e24cfbfa30926d	fb39b166781f92d482534ef4b4b1b2568f42613b53e5b6c160e24cfbfa30926d	yes	2	registry+https://github.com/rust-lang/crates.io-index#rayon@1.12.0
scripts.d/50-librsvg/99-librsvg.sh	SCRIPT_REPO	7612431eb02dc009319094f8513d63c1faaecfb4	x86_64-pc-windows-gnu	no	avif	runtime	rayon-core	1.13.0	MIT OR Apache-2.0	registry+https://github.com/rust-lang/crates.io-index	22e18b0f0062d30d4230b2e85ff77fdfe4326feb054b9783a3460d8435c8ab91	22e18b0f0062d30d4230b2e85ff77fdfe4326feb054b9783a3460d8435c8ab91	yes	2	registry+https://github.com/rust-lang/crates.io-index#rayon-core@1.13.0
scripts.d/50-librsvg/99-librsvg.sh	SCRIPT_REPO	7612431eb02dc009319094f8513d63c1faaecfb4	x86_64-pc-windows-gnu	no	avif	runtime	rctree	0.6.0	MIT	registry+https://github.com/rust-lang/crates.io-index	e03e7866abec1101869ffa8e2c8355c4c2419d0214ece0cc3e428e5b94dea6e9	e03e7866abec1101869ffa8e2c8355c4c2419d0214ece0cc3e428e5b94dea6e9	yes	1	registry+https://github.com/rust-lang/crates.io-index#rctree@0.6.0
scripts.d/50-librsvg/99-librsvg.sh	SCRIPT_REPO	7612431eb02dc009319094f8513d63c1faaecfb4	x86_64-pc-windows-gnu	no	avif	runtime	regex	1.13.1	MIT OR Apache-2.0	registry+https://github.com/rust-lang/crates.io-index	f020237b6c8eed93db2e2cb53c00c60a8e1bc73da7d073199a1180401450218d	f020237b6c8eed93db2e2cb53c00c60a8e1bc73da7d073199a1180401450218d	yes	2	registry+https://github.com/rust-lang/crates.io-index#regex@1.13.1
scripts.d/50-librsvg/99-librsvg.sh	SCRIPT_REPO	7612431eb02dc009319094f8513d63c1faaecfb4	x86_64-pc-windows-gnu	no	avif	runtime	regex-automata	0.4.18	MIT OR Apache-2.0	registry+https://github.com/rust-lang/crates.io-index	ad8553b9b26413251cbf30e620595c7a41b3887f03da04579c0e6b0d6a06b4b2	ad8553b9b26413251cbf30e620595c7a41b3887f03da04579c0e6b0d6a06b4b2	yes	2	registry+https://github.com/rust-lang/crates.io-index#regex-automata@0.4.18
scripts.d/50-librsvg/99-librsvg.sh	SCRIPT_REPO	7612431eb02dc009319094f8513d63c1faaecfb4	x86_64-pc-windows-gnu	no	avif	runtime	regex-syntax	0.8.11	MIT OR Apache-2.0	registry+https://github.com/rust-lang/crates.io-index	d6f6ff9a378485b298a5286656da665ba74413d36db0979633275d2e708145d4	d6f6ff9a378485b298a5286656da665ba74413d36db0979633275d2e708145d4	yes	3	registry+https://github.com/rust-lang/crates.io-index#regex-syntax@0.8.11
scripts.d/50-librsvg/99-librsvg.sh	SCRIPT_REPO	7612431eb02dc009319094f8513d63c1faaecfb4	x86_64-pc-windows-gnu	no	avif	runtime	rgb	0.8.53	MIT	registry+https://github.com/rust-lang/crates.io-index	47b34b781b31e5d73e9fbc8689c70551fd1ade9a19e3e28cfec8580a79290cc4	47b34b781b31e5d73e9fbc8689c70551fd1ade9a19e3e28cfec8580a79290cc4	yes	1	registry+https://github.com/rust-lang/crates.io-index#rgb@0.8.53
scripts.d/50-librsvg/99-librsvg.sh	SCRIPT_REPO	7612431eb02dc009319094f8513d63c1faaecfb4	x86_64-pc-windows-gnu	no	avif	runtime	rustc-hash	2.1.3	Apache-2.0 OR MIT	registry+https://github.com/rust-lang/crates.io-index	6b1e7f9a428571be2dc5bc0505c13fb6bf936822b894ec87abf8a08a4e51742d	6b1e7f9a428571be2dc5bc0505c13fb6bf936822b894ec87abf8a08a4e51742d	yes	2	registry+https://github.com/rust-lang/crates.io-index#rustc-hash@2.1.3
scripts.d/50-librsvg/99-librsvg.sh	SCRIPT_REPO	7612431eb02dc009319094f8513d63c1faaecfb4	x86_64-pc-windows-gnu	no	avif	runtime	rustversion	1.0.23	MIT OR Apache-2.0	registry+https://github.com/rust-lang/crates.io-index	cf54715a573b99ac80df0bc206da022bcd442c974952c7b9720069370852e21f	cf54715a573b99ac80df0bc206da022bcd442c974952c7b9720069370852e21f	yes	2	registry+https://github.com/rust-lang/crates.io-index#rustversion@1.0.23
scripts.d/50-librsvg/99-librsvg.sh	SCRIPT_REPO	7612431eb02dc009319094f8513d63c1faaecfb4	x86_64-pc-windows-gnu	no	avif	runtime	safe_arch	1.2.0	Zlib OR Apache-2.0 OR MIT	registry+https://github.com/rust-lang/crates.io-index	42c6efa15875e6ecb39ca61fb0b0c1a40b84fac5a5ffe71eef7d1000c8eb3f5f	42c6efa15875e6ecb39ca61fb0b0c1a40b84fac5a5ffe71eef7d1000c8eb3f5f	yes	3	registry+https://github.com/rust-lang/crates.io-index#safe_arch@1.2.0
scripts.d/50-librsvg/99-librsvg.sh	SCRIPT_REPO	7612431eb02dc009319094f8513d63c1faaecfb4	x86_64-pc-windows-gnu	no	avif	runtime	scopeguard	1.2.0	MIT OR Apache-2.0	registry+https://github.com/rust-lang/crates.io-index	94143f37725109f92c262ed2cf5e59bce7498c01bcc1502d7b9afe439a4e9f49	94143f37725109f92c262ed2cf5e59bce7498c01bcc1502d7b9afe439a4e9f49	yes	2	registry+https://github.com/rust-lang/crates.io-index#scopeguard@1.2.0
scripts.d/50-librsvg/99-librsvg.sh	SCRIPT_REPO	7612431eb02dc009319094f8513d63c1faaecfb4	x86_64-pc-windows-gnu	no	avif	runtime	selectors	0.40.0	MPL-2.0	registry+https://github.com/rust-lang/crates.io-index	eeee001a77567bb05e71652718d3ff76d8697c151ac523e68e9513194eb2b75a	eeee001a77567bb05e71652718d3ff76d8697c151ac523e68e9513194eb2b75a	yes	2	registry+https://github.com/rust-lang/crates.io-index#selectors@0.40.0
scripts.d/50-librsvg/99-librsvg.sh	SCRIPT_REPO	7612431eb02dc009319094f8513d63c1faaecfb4	x86_64-pc-windows-gnu	no	avif	runtime	serde	1.0.229	MIT OR Apache-2.0	registry+https://github.com/rust-lang/crates.io-index	4148590afebada386688f18773da617792bf2ef03ffc1e4cbd2b1d45b023e0ba	4148590afebada386688f18773da617792bf2ef03ffc1e4cbd2b1d45b023e0ba	yes	2	registry+https://github.com/rust-lang/crates.io-index#serde@1.0.229
scripts.d/50-librsvg/99-librsvg.sh	SCRIPT_REPO	7612431eb02dc009319094f8513d63c1faaecfb4	x86_64-pc-windows-gnu	no	avif	runtime	serde_core	1.0.229	MIT OR Apache-2.0	registry+https://github.com/rust-lang/crates.io-index	67dca2c9c51e58a4791a4b1ed58308b39c64224d349a935ab5039aa360942a48	67dca2c9c51e58a4791a4b1ed58308b39c64224d349a935ab5039aa360942a48	yes	2	registry+https://github.com/rust-lang/crates.io-index#serde_core@1.0.229
scripts.d/50-librsvg/99-librsvg.sh	SCRIPT_REPO	7612431eb02dc009319094f8513d63c1faaecfb4	x86_64-pc-windows-gnu	no	avif	runtime	serde_derive	1.0.229	MIT OR Apache-2.0	registry+https://github.com/rust-lang/crates.io-index	e7a5d71263a5a7d47b41f6b3f06ba276f10cc18b0931f1799f710578e2309348	e7a5d71263a5a7d47b41f6b3f06ba276f10cc18b0931f1799f710578e2309348	yes	2	registry+https://github.com/rust-lang/crates.io-index#serde_derive@1.0.229
scripts.d/50-librsvg/99-librsvg.sh	SCRIPT_REPO	7612431eb02dc009319094f8513d63c1faaecfb4	x86_64-pc-windows-gnu	no	avif	runtime	servo_arc	0.4.3	MIT OR Apache-2.0	registry+https://github.com/rust-lang/crates.io-index	170fb83ab34de17dc69aa7c67482b22218ddb85da56546f9bd6b929e32a05930	170fb83ab34de17dc69aa7c67482b22218ddb85da56546f9bd6b929e32a05930	yes	2	registry+https://github.com/rust-lang/crates.io-index#servo_arc@0.4.3
scripts.d/50-librsvg/99-librsvg.sh	SCRIPT_REPO	7612431eb02dc009319094f8513d63c1faaecfb4	x86_64-pc-windows-gnu	no	avif	runtime	simba	0.10.2	Apache-2.0	registry+https://github.com/rust-lang/crates.io-index	f1a7200d82ff1c7b4235efd12f11e2537a402c91cf83a5cb97ce80eef787fde7	f1a7200d82ff1c7b4235efd12f11e2537a402c91cf83a5cb97ce80eef787fde7	yes	1	registry+https://github.com/rust-lang/crates.io-index#simba@0.10.2
scripts.d/50-librsvg/99-librsvg.sh	SCRIPT_REPO	7612431eb02dc009319094f8513d63c1faaecfb4	x86_64-pc-windows-gnu	no	avif	runtime	simd-adler32	0.3.10	MIT	registry+https://github.com/rust-lang/crates.io-index	3a219298ac11a56ea9a6d2120044824d6f01aeb034955e7af7bc16858527deea	3a219298ac11a56ea9a6d2120044824d6f01aeb034955e7af7bc16858527deea	yes	1	registry+https://github.com/rust-lang/crates.io-index#simd-adler32@0.3.10
scripts.d/50-librsvg/99-librsvg.sh	SCRIPT_REPO	7612431eb02dc009319094f8513d63c1faaecfb4	x86_64-pc-windows-gnu	no	avif	runtime	simdutf8	0.1.5	MIT OR Apache-2.0	registry+https://github.com/rust-lang/crates.io-index	e3a9fe34e3e7a50316060351f37187a3f546bce95496156754b601a5fa71b76e	e3a9fe34e3e7a50316060351f37187a3f546bce95496156754b601a5fa71b76e	yes	2	registry+https://github.com/rust-lang/crates.io-index#simdutf8@0.1.5
scripts.d/50-librsvg/99-librsvg.sh	SCRIPT_REPO	7612431eb02dc009319094f8513d63c1faaecfb4	x86_64-pc-windows-gnu	no	avif	runtime	siphasher	1.0.3	MIT/Apache-2.0	registry+https://github.com/rust-lang/crates.io-index	8ee5873ec9cce0195efcb7a4e9507a04cd49aec9c83d0389df45b1ef7ba2e649	8ee5873ec9cce0195efcb7a4e9507a04cd49aec9c83d0389df45b1ef7ba2e649	yes	1	registry+https://github.com/rust-lang/crates.io-index#siphasher@1.0.3
scripts.d/50-librsvg/99-librsvg.sh	SCRIPT_REPO	7612431eb02dc009319094f8513d63c1faaecfb4	x86_64-pc-windows-gnu	no	avif	runtime	slab	0.4.12	MIT	registry+https://github.com/rust-lang/crates.io-index	0c790de23124f9ab44544d7ac05d60440adc586479ce501c1d6d7da3cd8c9cf5	0c790de23124f9ab44544d7ac05d60440adc586479ce501c1d6d7da3cd8c9cf5	yes	1	registry+https://github.com/rust-lang/crates.io-index#slab@0.4.12
scripts.d/50-librsvg/99-librsvg.sh	SCRIPT_REPO	7612431eb02dc009319094f8513d63c1faaecfb4	x86_64-pc-windows-gnu	no	avif	runtime	smallvec	1.16.1	MIT OR Apache-2.0	registry+https://github.com/rust-lang/crates.io-index	ba467056f1b547ed52077911161fc86985becbc60e8e1857c8a144dab0def891	ba467056f1b547ed52077911161fc86985becbc60e8e1857c8a144dab0def891	yes	2	registry+https://github.com/rust-lang/crates.io-index#smallvec@1.16.1
scripts.d/50-librsvg/99-librsvg.sh	SCRIPT_REPO	7612431eb02dc009319094f8513d63c1faaecfb4	x86_64-pc-windows-gnu	no	avif	runtime	stable_deref_trait	1.2.1	MIT OR Apache-2.0	registry+https://github.com/rust-lang/crates.io-index	6ce2be8dc25455e1f91df71bfa12ad37d7af1092ae736f3a6cd0e37bc7810596	6ce2be8dc25455e1f91df71bfa12ad37d7af1092ae736f3a6cd0e37bc7810596	yes	2	registry+https://github.com/rust-lang/crates.io-index#stable_deref_trait@1.2.1
scripts.d/50-librsvg/99-librsvg.sh	SCRIPT_REPO	7612431eb02dc009319094f8513d63c1faaecfb4	x86_64-pc-windows-gnu	no	avif	runtime	static_assertions	1.1.0	MIT OR Apache-2.0	registry+https://github.com/rust-lang/crates.io-index	a2eb9349b6444b326872e140eb1cf5e7c522154d69e7a0ffb0fb81c06b37543f	a2eb9349b6444b326872e140eb1cf5e7c522154d69e7a0ffb0fb81c06b37543f	yes	2	registry+https://github.com/rust-lang/crates.io-index#static_assertions@1.1.0
scripts.d/50-librsvg/99-librsvg.sh	SCRIPT_REPO	7612431eb02dc009319094f8513d63c1faaecfb4	x86_64-pc-windows-gnu	no	avif	runtime	string_cache	0.10.0	MIT OR Apache-2.0	registry+https://github.com/rust-lang/crates.io-index	daf8762eb74d0e3b53126a15f88db5de3c8ee98cd3b5e3b58c1a9e21c6438873	daf8762eb74d0e3b53126a15f88db5de3c8ee98cd3b5e3b58c1a9e21c6438873	yes	2	registry+https://github.com/rust-lang/crates.io-index#string_cache@0.10.0
scripts.d/50-librsvg/99-librsvg.sh	SCRIPT_REPO	7612431eb02dc009319094f8513d63c1faaecfb4	x86_64-pc-windows-gnu	no	avif	runtime	string_cache	0.9.0	MIT OR Apache-2.0	registry+https://github.com/rust-lang/crates.io-index	a18596f8c785a729f2819c0f6a7eae6ebeebdfffbfe4214ae6b087f690e31901	a18596f8c785a729f2819c0f6a7eae6ebeebdfffbfe4214ae6b087f690e31901	yes	2	registry+https://github.com/rust-lang/crates.io-index#string_cache@0.9.0
scripts.d/50-librsvg/99-librsvg.sh	SCRIPT_REPO	7612431eb02dc009319094f8513d63c1faaecfb4	x86_64-pc-windows-gnu	no	avif	runtime	syn	2.0.119	MIT OR Apache-2.0	registry+https://github.com/rust-lang/crates.io-index	872831b642d1a07999a962a351ed35b955ea2cfc8f3862091e2a240a84f17297	872831b642d1a07999a962a351ed35b955ea2cfc8f3862091e2a240a84f17297	yes	2	registry+https://github.com/rust-lang/crates.io-index#syn@2.0.119
scripts.d/50-librsvg/99-librsvg.sh	SCRIPT_REPO	7612431eb02dc009319094f8513d63c1faaecfb4	x86_64-pc-windows-gnu	no	avif	runtime	syn	3.0.6	MIT OR Apache-2.0	registry+https://github.com/rust-lang/crates.io-index	8593e8e72159ed2257d083c7a454a85cbf854f37a0966d8d483aff8c8a3ebcee	8593e8e72159ed2257d083c7a454a85cbf854f37a0966d8d483aff8c8a3ebcee	yes	2	registry+https://github.com/rust-lang/crates.io-index#syn@3.0.6
scripts.d/50-librsvg/99-librsvg.sh	SCRIPT_REPO	7612431eb02dc009319094f8513d63c1faaecfb4	x86_64-pc-windows-gnu	no	avif	runtime	synstructure	0.14.0	MIT	registry+https://github.com/rust-lang/crates.io-index	901704edd0dfe137f1987838ee4f259e4e063c31371bdb423f7ae38ec6f77f02	901704edd0dfe137f1987838ee4f259e4e063c31371bdb423f7ae38ec6f77f02	yes	1	registry+https://github.com/rust-lang/crates.io-index#synstructure@0.14.0
scripts.d/50-librsvg/99-librsvg.sh	SCRIPT_REPO	7612431eb02dc009319094f8513d63c1faaecfb4	x86_64-pc-windows-gnu	no	avif	runtime	tendril	0.5.1	MIT OR Apache-2.0	registry+https://github.com/rust-lang/crates.io-index	5fed54709c5b3a53d09bb1c113ea4f5ceafd1e772ddcb0030a82e1d56c087b08	5fed54709c5b3a53d09bb1c113ea4f5ceafd1e772ddcb0030a82e1d56c087b08	yes	2	registry+https://github.com/rust-lang/crates.io-index#tendril@0.5.1
scripts.d/50-librsvg/99-librsvg.sh	SCRIPT_REPO	7612431eb02dc009319094f8513d63c1faaecfb4	x86_64-pc-windows-gnu	no	avif	runtime	tinystr	0.8.4	Unicode-3.0	registry+https://github.com/rust-lang/crates.io-index	b1e27c91459209c2986af3dcf603a5a74a4368754ce37414f59acc971167f643	b1e27c91459209c2986af3dcf603a5a74a4368754ce37414f59acc971167f643	yes	1	registry+https://github.com/rust-lang/crates.io-index#tinystr@0.8.4
scripts.d/50-librsvg/99-librsvg.sh	SCRIPT_REPO	7612431eb02dc009319094f8513d63c1faaecfb4	x86_64-pc-windows-gnu	no	avif	runtime	tinyvec	1.13.3	Zlib OR Apache-2.0 OR MIT	registry+https://github.com/rust-lang/crates.io-index	fd3ca314f692efd6c868f8408f53fe444634a845f96c028b97d35f6a1f79f0ee	fd3ca314f692efd6c868f8408f53fe444634a845f96c028b97d35f6a1f79f0ee	yes	3	registry+https://github.com/rust-lang/crates.io-index#tinyvec@1.13.3
scripts.d/50-librsvg/99-librsvg.sh	SCRIPT_REPO	7612431eb02dc009319094f8513d63c1faaecfb4	x86_64-pc-windows-gnu	no	avif	runtime	typenum	1.20.1	MIT OR Apache-2.0	registry+https://github.com/rust-lang/crates.io-index	b6f5e870be6c3b371b77fe0ee0bafb859fa4964b4404c27de1d380043c4dda20	b6f5e870be6c3b371b77fe0ee0bafb859fa4964b4404c27de1d380043c4dda20	yes	3	registry+https://github.com/rust-lang/crates.io-index#typenum@1.20.1
scripts.d/50-librsvg/99-librsvg.sh	SCRIPT_REPO	7612431eb02dc009319094f8513d63c1faaecfb4	x86_64-pc-windows-gnu	no	avif	runtime	unicode-ident	1.0.26	(MIT OR Apache-2.0) AND Unicode-3.0	registry+https://github.com/rust-lang/crates.io-index	d245f478577f809a851594d02313b640fb437e0bb33866753cff937863096954	d245f478577f809a851594d02313b640fb437e0bb33866753cff937863096954	yes	3	registry+https://github.com/rust-lang/crates.io-index#unicode-ident@1.0.26
scripts.d/50-librsvg/99-librsvg.sh	SCRIPT_REPO	7612431eb02dc009319094f8513d63c1faaecfb4	x86_64-pc-windows-gnu	no	avif	runtime	url	2.5.8	MIT OR Apache-2.0	registry+https://github.com/rust-lang/crates.io-index	ff67a8a4397373c3ef660812acab3268222035010ab8680ec4215f38ba3d0eed	ff67a8a4397373c3ef660812acab3268222035010ab8680ec4215f38ba3d0eed	yes	2	registry+https://github.com/rust-lang/crates.io-index#url@2.5.8
scripts.d/50-librsvg/99-librsvg.sh	SCRIPT_REPO	7612431eb02dc009319094f8513d63c1faaecfb4	x86_64-pc-windows-gnu	no	avif	runtime	utf8_iter	1.0.4	Apache-2.0 OR MIT	registry+https://github.com/rust-lang/crates.io-index	b6c140620e7ffbb22c2dee59cafe6084a59b5ffc27a8859a5f0d494b5d52b6be	b6c140620e7ffbb22c2dee59cafe6084a59b5ffc27a8859a5f0d494b5d52b6be	yes	3	registry+https://github.com/rust-lang/crates.io-index#utf8_iter@1.0.4
scripts.d/50-librsvg/99-librsvg.sh	SCRIPT_REPO	7612431eb02dc009319094f8513d63c1faaecfb4	x86_64-pc-windows-gnu	no	avif	runtime	web_atoms	0.2.6	MIT OR Apache-2.0	registry+https://github.com/rust-lang/crates.io-index	ba8b815c1b593dc0baf78dd0f4fc8fdb2de53198fb1163738093e9a311c33fb3	ba8b815c1b593dc0baf78dd0f4fc8fdb2de53198fb1163738093e9a311c33fb3	yes	2	registry+https://github.com/rust-lang/crates.io-index#web_atoms@0.2.6
scripts.d/50-librsvg/99-librsvg.sh	SCRIPT_REPO	7612431eb02dc009319094f8513d63c1faaecfb4	x86_64-pc-windows-gnu	no	avif	runtime	weezl	0.1.12	MIT OR Apache-2.0	registry+https://github.com/rust-lang/crates.io-index	a28ac98ddc8b9274cb41bb4d9d4d5c425b6020c50c46f25559911905610b4a88	a28ac98ddc8b9274cb41bb4d9d4d5c425b6020c50c46f25559911905610b4a88	yes	2	registry+https://github.com/rust-lang/crates.io-index#weezl@0.1.12
scripts.d/50-librsvg/99-librsvg.sh	SCRIPT_REPO	7612431eb02dc009319094f8513d63c1faaecfb4	x86_64-pc-windows-gnu	no	avif	runtime	wide	1.7.1	Zlib OR Apache-2.0 OR MIT	registry+https://github.com/rust-lang/crates.io-index	d920ac99c3c8edce110cb8d07dbb324d6d026011dce85b1e9355b70f0adacc4f	d920ac99c3c8edce110cb8d07dbb324d6d026011dce85b1e9355b70f0adacc4f	yes	3	registry+https://github.com/rust-lang/crates.io-index#wide@1.7.1
scripts.d/50-librsvg/99-librsvg.sh	SCRIPT_REPO	7612431eb02dc009319094f8513d63c1faaecfb4	x86_64-pc-windows-gnu	no	avif	runtime	winapi	0.3.9	MIT/Apache-2.0	registry+https://github.com/rust-lang/crates.io-index	5c839a674fcd7a98952e593242ea400abe93992746761e38641405d28b00f419	5c839a674fcd7a98952e593242ea400abe93992746761e38641405d28b00f419	yes	2	registry+https://github.com/rust-lang/crates.io-index#winapi@0.3.9
scripts.d/50-librsvg/99-librsvg.sh	SCRIPT_REPO	7612431eb02dc009319094f8513d63c1faaecfb4	x86_64-pc-windows-gnu	no	avif	runtime	winapi-x86_64-pc-windows-gnu	0.4.0	MIT/Apache-2.0	registry+https://github.com/rust-lang/crates.io-index	712e227841d057c1ee1cd2fb22fa7e5a5461ae8e48fa2ca79ec42cfc1931183f	712e227841d057c1ee1cd2fb22fa7e5a5461ae8e48fa2ca79ec42cfc1931183f	yes	2	registry+https://github.com/rust-lang/crates.io-index#winapi-x86_64-pc-windows-gnu@0.4.0
scripts.d/50-librsvg/99-librsvg.sh	SCRIPT_REPO	7612431eb02dc009319094f8513d63c1faaecfb4	x86_64-pc-windows-gnu	no	avif	runtime	windows-link	0.2.1	MIT OR Apache-2.0	registry+https://github.com/rust-lang/crates.io-index	f0805222e57f7521d6a62e36fa9163bc891acd422f971defe97d64e70d0a4fe5	f0805222e57f7521d6a62e36fa9163bc891acd422f971defe97d64e70d0a4fe5	yes	2	registry+https://github.com/rust-lang/crates.io-index#windows-link@0.2.1
scripts.d/50-librsvg/99-librsvg.sh	SCRIPT_REPO	7612431eb02dc009319094f8513d63c1faaecfb4	x86_64-pc-windows-gnu	no	avif	runtime	windows-sys	0.61.2	MIT OR Apache-2.0	registry+https://github.com/rust-lang/crates.io-index	ae137229bcbd6cdf0f7b80a31df61766145077ddf49416a728b02cb3921ff3fc	ae137229bcbd6cdf0f7b80a31df61766145077ddf49416a728b02cb3921ff3fc	yes	2	registry+https://github.com/rust-lang/crates.io-index#windows-sys@0.61.2
scripts.d/50-librsvg/99-librsvg.sh	SCRIPT_REPO	7612431eb02dc009319094f8513d63c1faaecfb4	x86_64-pc-windows-gnu	no	avif	runtime	writeable	0.6.4	Unicode-3.0	registry+https://github.com/rust-lang/crates.io-index	3ad82d2a33cdc9674dc7465672f271e096168fcdbe0f799d9e6db8c5892679dc	3ad82d2a33cdc9674dc7465672f271e096168fcdbe0f799d9e6db8c5892679dc	yes	1	registry+https://github.com/rust-lang/crates.io-index#writeable@0.6.4
scripts.d/50-librsvg/99-librsvg.sh	SCRIPT_REPO	7612431eb02dc009319094f8513d63c1faaecfb4	x86_64-pc-windows-gnu	no	avif	runtime	xml5ever	0.39.0	MIT OR Apache-2.0	registry+https://github.com/rust-lang/crates.io-index	5ab627f34ff61b80d756180d556f9c68801d836d271b3b8c094504ceca69d221	5ab627f34ff61b80d756180d556f9c68801d836d271b3b8c094504ceca69d221	yes	2	registry+https://github.com/rust-lang/crates.io-index#xml5ever@0.39.0
scripts.d/50-librsvg/99-librsvg.sh	SCRIPT_REPO	7612431eb02dc009319094f8513d63c1faaecfb4	x86_64-pc-windows-gnu	no	avif	runtime	yoke	0.8.3	Unicode-3.0	registry+https://github.com/rust-lang/crates.io-index	709fe23a0424b6a435d82152b1bd3fdfb0833487d5fa90d05d42762a9891fef5	709fe23a0424b6a435d82152b1bd3fdfb0833487d5fa90d05d42762a9891fef5	yes	1	registry+https://github.com/rust-lang/crates.io-index#yoke@0.8.3
scripts.d/50-librsvg/99-librsvg.sh	SCRIPT_REPO	7612431eb02dc009319094f8513d63c1faaecfb4	x86_64-pc-windows-gnu	no	avif	runtime	yoke-derive	0.8.3	Unicode-3.0	registry+https://github.com/rust-lang/crates.io-index	33811428bee40dbceb6d545e95754741d17a6aef9a4849f0fd62e2ba4f412a78	33811428bee40dbceb6d545e95754741d17a6aef9a4849f0fd62e2ba4f412a78	yes	1	registry+https://github.com/rust-lang/crates.io-index#yoke-derive@0.8.3
scripts.d/50-librsvg/99-librsvg.sh	SCRIPT_REPO	7612431eb02dc009319094f8513d63c1faaecfb4	x86_64-pc-windows-gnu	no	avif	runtime	zerocopy	0.8.57	BSD-2-Clause OR Apache-2.0 OR MIT	registry+https://github.com/rust-lang/crates.io-index	d35102a9f36d089ccae9e4c6802bc118be4487b80aaffc0ab4e0cf5ce92d2873	d35102a9f36d089ccae9e4c6802bc118be4487b80aaffc0ab4e0cf5ce92d2873	yes	3	registry+https://github.com/rust-lang/crates.io-index#zerocopy@0.8.57
scripts.d/50-librsvg/99-librsvg.sh	SCRIPT_REPO	7612431eb02dc009319094f8513d63c1faaecfb4	x86_64-pc-windows-gnu	no	avif	runtime	zerocopy-derive	0.8.57	BSD-2-Clause OR Apache-2.0 OR MIT	registry+https://github.com/rust-lang/crates.io-index	146c01f5ab44258da43cf276c74a2763db2ff3969c9c652c3f2de07041d0b2bc	146c01f5ab44258da43cf276c74a2763db2ff3969c9c652c3f2de07041d0b2bc	yes	3	registry+https://github.com/rust-lang/crates.io-index#zerocopy-derive@0.8.57
scripts.d/50-librsvg/99-librsvg.sh	SCRIPT_REPO	7612431eb02dc009319094f8513d63c1faaecfb4	x86_64-pc-windows-gnu	no	avif	runtime	zerofrom	0.1.8	Unicode-3.0	registry+https://github.com/rust-lang/crates.io-index	0ec05a11813ea801ff6d75110ad09cd0824ddba17dfe17128ea0d5f68e6c5272	0ec05a11813ea801ff6d75110ad09cd0824ddba17dfe17128ea0d5f68e6c5272	yes	1	registry+https://github.com/rust-lang/crates.io-index#zerofrom@0.1.8
scripts.d/50-librsvg/99-librsvg.sh	SCRIPT_REPO	7612431eb02dc009319094f8513d63c1faaecfb4	x86_64-pc-windows-gnu	no	avif	runtime	zerofrom-derive	0.1.8	Unicode-3.0	registry+https://github.com/rust-lang/crates.io-index	f75b4683f6c7f45248d4d64056a24298c6281e0993356d7d1b4a1a962ef10d4a	f75b4683f6c7f45248d4d64056a24298c6281e0993356d7d1b4a1a962ef10d4a	yes	1	registry+https://github.com/rust-lang/crates.io-index#zerofrom-derive@0.1.8
scripts.d/50-librsvg/99-librsvg.sh	SCRIPT_REPO	7612431eb02dc009319094f8513d63c1faaecfb4	x86_64-pc-windows-gnu	no	avif	runtime	zerotrie	0.2.5	Unicode-3.0	registry+https://github.com/rust-lang/crates.io-index	4ea269c3bd32f0a32c321907a2ae912ba6f4649bb0fc764a15627e99a7095a3f	4ea269c3bd32f0a32c321907a2ae912ba6f4649bb0fc764a15627e99a7095a3f	yes	1	registry+https://github.com/rust-lang/crates.io-index#zerotrie@0.2.5
scripts.d/50-librsvg/99-librsvg.sh	SCRIPT_REPO	7612431eb02dc009319094f8513d63c1faaecfb4	x86_64-pc-windows-gnu	no	avif	runtime	zerovec	0.11.8	Unicode-3.0	registry+https://github.com/rust-lang/crates.io-index	bb0464e17806c1d976d5cba29399c7f08e516e279e2ba493f63123b5fca67dd8	bb0464e17806c1d976d5cba29399c7f08e516e279e2ba493f63123b5fca67dd8	yes	1	registry+https://github.com/rust-lang/crates.io-index#zerovec@0.11.8
scripts.d/50-librsvg/99-librsvg.sh	SCRIPT_REPO	7612431eb02dc009319094f8513d63c1faaecfb4	x86_64-pc-windows-gnu	no	avif	runtime	zerovec-derive	0.11.6	Unicode-3.0	registry+https://github.com/rust-lang/crates.io-index	34df6fc39dbd26ddc9c10e6a2984476e13acce22e64e4487636ef494369225da	34df6fc39dbd26ddc9c10e6a2984476e13acce22e64e4487636ef494369225da	yes	1	registry+https://github.com/rust-lang/crates.io-index#zerovec-derive@0.11.6
scripts.d/50-librsvg/99-librsvg.sh	SCRIPT_REPO	7612431eb02dc009319094f8513d63c1faaecfb4	x86_64-pc-windows-gnu	no	avif	runtime	zlib-rs	0.6.8	Zlib	registry+https://github.com/rust-lang/crates.io-index	b268e58e7c693d7c271f93ffc4ba3b380412554231c85bf61ca7af91042a4112	b268e58e7c693d7c271f93ffc4ba3b380412554231c85bf61ca7af91042a4112	yes	1	registry+https://github.com/rust-lang/crates.io-index#zlib-rs@0.6.8
scripts.d/50-librsvg/99-librsvg.sh	SCRIPT_REPO	7612431eb02dc009319094f8513d63c1faaecfb4	x86_64-pc-windows-gnu	no	avif	runtime	zune-core	0.5.3	MIT OR Apache-2.0 OR Zlib	registry+https://github.com/rust-lang/crates.io-index	d56377fd46368984a170bc5aac5567e52ca5da874caa60bea39fcbca78fb658b	d56377fd46368984a170bc5aac5567e52ca5da874caa60bea39fcbca78fb658b	yes	3	registry+https://github.com/rust-lang/crates.io-index#zune-core@0.5.3
scripts.d/50-librsvg/99-librsvg.sh	SCRIPT_REPO	7612431eb02dc009319094f8513d63c1faaecfb4	x86_64-pc-windows-gnu	no	avif	runtime	zune-jpeg	0.5.15	MIT OR Apache-2.0 OR Zlib	registry+https://github.com/rust-lang/crates.io-index	27bc9d5b815bc103f142aa054f561d9187d191692ec7c2d1e2b4737f8dbd7296	27bc9d5b815bc103f142aa054f561d9187d191692ec7c2d1e2b4737f8dbd7296	yes	3	registry+https://github.com/rust-lang/crates.io-index#zune-jpeg@0.5.15
scripts.d/50-librsvg/99-librsvg.sh	SCRIPT_REPO	7612431eb02dc009319094f8513d63c1faaecfb4	x86_64-pc-windows-gnu	no	avif	build	autocfg	1.5.1	Apache-2.0 OR MIT	registry+https://github.com/rust-lang/crates.io-index	f2032f911046de80f0a198e0901378627c33f59ea0ac00e363d481118bd70a53	f2032f911046de80f0a198e0901378627c33f59ea0ac00e363d481118bd70a53	yes	2	registry+https://github.com/rust-lang/crates.io-index#autocfg@1.5.1
scripts.d/50-librsvg/99-librsvg.sh	SCRIPT_REPO	7612431eb02dc009319094f8513d63c1faaecfb4	x86_64-pc-windows-gnu	no	avif	build	cfg-expr	0.20.9	MIT OR Apache-2.0	registry+https://github.com/rust-lang/crates.io-index	fe4ece8474b5f766c63426647e7b4b316b67431ade1036a8313cee24a03ae917	fe4ece8474b5f766c63426647e7b4b316b67431ade1036a8313cee24a03ae917	yes	2	registry+https://github.com/rust-lang/crates.io-index#cfg-expr@0.20.9
scripts.d/50-librsvg/99-librsvg.sh	SCRIPT_REPO	7612431eb02dc009319094f8513d63c1faaecfb4	x86_64-pc-windows-gnu	no	avif	build	equivalent	1.0.2	Apache-2.0 OR MIT	registry+https://github.com/rust-lang/crates.io-index	877a4ace8713b0bcf2a4e7eec82529c029f1d0619886d18145fea96c3ffe5c0f	877a4ace8713b0bcf2a4e7eec82529c029f1d0619886d18145fea96c3ffe5c0f	yes	2	registry+https://github.com/rust-lang/crates.io-index#equivalent@1.0.2
scripts.d/50-librsvg/99-librsvg.sh	SCRIPT_REPO	7612431eb02dc009319094f8513d63c1faaecfb4	x86_64-pc-windows-gnu	no	avif	build	hashbrown	0.17.1	MIT OR Apache-2.0	registry+https://github.com/rust-lang/crates.io-index	ed5909b6e89a2db4456e54cd5f673791d7eca6732202bbf2a9cc504fe2f9b84a	ed5909b6e89a2db4456e54cd5f673791d7eca6732202bbf2a9cc504fe2f9b84a	yes	2	registry+https://github.com/rust-lang/crates.io-index#hashbrown@0.17.1
scripts.d/50-librsvg/99-librsvg.sh	SCRIPT_REPO	7612431eb02dc009319094f8513d63c1faaecfb4	x86_64-pc-windows-gnu	no	avif	build	indexmap	2.14.2	Apache-2.0 OR MIT	registry+https://github.com/rust-lang/crates.io-index	cc4e190f5d26ca7051642629da2c52fc03bde85a03197c99408dcd291734c855	cc4e190f5d26ca7051642629da2c52fc03bde85a03197c99408dcd291734c855	yes	2	registry+https://github.com/rust-lang/crates.io-index#indexmap@2.14.2
scripts.d/50-librsvg/99-librsvg.sh	SCRIPT_REPO	7612431eb02dc009319094f8513d63c1faaecfb4	x86_64-pc-windows-gnu	no	avif	build	phf_codegen	0.13.1	MIT	registry+https://github.com/rust-lang/crates.io-index	49aa7f9d80421bca176ca8dbfebe668cc7a2684708594ec9f3c0db0805d5d6e1	49aa7f9d80421bca176ca8dbfebe668cc7a2684708594ec9f3c0db0805d5d6e1	yes	1	registry+https://github.com/rust-lang/crates.io-index#phf_codegen@0.13.1
scripts.d/50-librsvg/99-librsvg.sh	SCRIPT_REPO	7612431eb02dc009319094f8513d63c1faaecfb4	x86_64-pc-windows-gnu	no	avif	build	pkg-config	0.3.34	MIT OR Apache-2.0	registry+https://github.com/rust-lang/crates.io-index	f6b464fbc74e149a392436b17d523f769e057cb6877f6a5c4618bc6f11800548	f6b464fbc74e149a392436b17d523f769e057cb6877f6a5c4618bc6f11800548	yes	2	registry+https://github.com/rust-lang/crates.io-index#pkg-config@0.3.34
scripts.d/50-librsvg/99-librsvg.sh	SCRIPT_REPO	7612431eb02dc009319094f8513d63c1faaecfb4	x86_64-pc-windows-gnu	no	avif	build	rustc_version	0.4.1	MIT OR Apache-2.0	registry+https://github.com/rust-lang/crates.io-index	cfcb3a22ef46e85b45de6ee7e79d063319ebb6594faafcf1c225ea92ab6e9b92	cfcb3a22ef46e85b45de6ee7e79d063319ebb6594faafcf1c225ea92ab6e9b92	yes	2	registry+https://github.com/rust-lang/crates.io-index#rustc_version@0.4.1
scripts.d/50-librsvg/99-librsvg.sh	SCRIPT_REPO	7612431eb02dc009319094f8513d63c1faaecfb4	x86_64-pc-windows-gnu	no	avif	build	semver	1.0.28	MIT OR Apache-2.0	registry+https://github.com/rust-lang/crates.io-index	8a7852d02fc848982e0c167ef163aaff9cd91dc640ba85e263cb1ce46fae51cd	8a7852d02fc848982e0c167ef163aaff9cd91dc640ba85e263cb1ce46fae51cd	yes	2	registry+https://github.com/rust-lang/crates.io-index#semver@1.0.28
scripts.d/50-librsvg/99-librsvg.sh	SCRIPT_REPO	7612431eb02dc009319094f8513d63c1faaecfb4	x86_64-pc-windows-gnu	no	avif	build	serde_spanned	1.1.1	MIT OR Apache-2.0	registry+https://github.com/rust-lang/crates.io-index	6662b5879511e06e8999a8a235d848113e942c9124f211511b16466ee2995f26	6662b5879511e06e8999a8a235d848113e942c9124f211511b16466ee2995f26	yes	2	registry+https://github.com/rust-lang/crates.io-index#serde_spanned@1.1.1
scripts.d/50-librsvg/99-librsvg.sh	SCRIPT_REPO	7612431eb02dc009319094f8513d63c1faaecfb4	x86_64-pc-windows-gnu	no	avif	build	string_cache_codegen	0.6.1	MIT OR Apache-2.0	registry+https://github.com/rust-lang/crates.io-index	585635e46db231059f76c5849798146164652513eb9e8ab2685939dd90f29b69	585635e46db231059f76c5849798146164652513eb9e8ab2685939dd90f29b69	yes	2	registry+https://github.com/rust-lang/crates.io-index#string_cache_codegen@0.6.1
scripts.d/50-librsvg/99-librsvg.sh	SCRIPT_REPO	7612431eb02dc009319094f8513d63c1faaecfb4	x86_64-pc-windows-gnu	no	avif	build	system-deps	7.0.8	MIT OR Apache-2.0	registry+https://github.com/rust-lang/crates.io-index	396a35feb67335377e0251fcbc1092fc85c484bd4e3a7a54319399da127796e7	396a35feb67335377e0251fcbc1092fc85c484bd4e3a7a54319399da127796e7	yes	2	registry+https://github.com/rust-lang/crates.io-index#system-deps@7.0.8
scripts.d/50-librsvg/99-librsvg.sh	SCRIPT_REPO	7612431eb02dc009319094f8513d63c1faaecfb4	x86_64-pc-windows-gnu	no	avif	build	system-deps	9.0.0	MIT OR Apache-2.0	registry+https://github.com/rust-lang/crates.io-index	8a0dae2cbca1f0ff93795713cfe0a4c02f760e3c0b8ae2ab4ec4045808ff429f	8a0dae2cbca1f0ff93795713cfe0a4c02f760e3c0b8ae2ab4ec4045808ff429f	yes	2	registry+https://github.com/rust-lang/crates.io-index#system-deps@9.0.0
scripts.d/50-librsvg/99-librsvg.sh	SCRIPT_REPO	7612431eb02dc009319094f8513d63c1faaecfb4	x86_64-pc-windows-gnu	no	avif	build	target-lexicon	0.13.5	Apache-2.0 WITH LLVM-exception	registry+https://github.com/rust-lang/crates.io-index	adb6935a6f5c20170eeceb1a3835a49e12e19d792f6dd344ccc76a985ca5a6ca	adb6935a6f5c20170eeceb1a3835a49e12e19d792f6dd344ccc76a985ca5a6ca	yes	1	registry+https://github.com/rust-lang/crates.io-index#target-lexicon@0.13.5
scripts.d/50-librsvg/99-librsvg.sh	SCRIPT_REPO	7612431eb02dc009319094f8513d63c1faaecfb4	x86_64-pc-windows-gnu	no	avif	build	toml	1.1.6+spec-1.1.0	MIT OR Apache-2.0	registry+https://github.com/rust-lang/crates.io-index	920602543f0911ab71da12c50d59701da54c196d1a2bf5cb4b75667f137a406a	920602543f0911ab71da12c50d59701da54c196d1a2bf5cb4b75667f137a406a	yes	2	registry+https://github.com/rust-lang/crates.io-index#toml@1.1.6+spec-1.1.0
scripts.d/50-librsvg/99-librsvg.sh	SCRIPT_REPO	7612431eb02dc009319094f8513d63c1faaecfb4	x86_64-pc-windows-gnu	no	avif	build	toml_datetime	1.1.1+spec-1.1.0	MIT OR Apache-2.0	registry+https://github.com/rust-lang/crates.io-index	3165f65f62e28e0115a00b2ebdd37eb6f3b641855f9d636d3cd4103767159ad7	3165f65f62e28e0115a00b2ebdd37eb6f3b641855f9d636d3cd4103767159ad7	yes	2	registry+https://github.com/rust-lang/crates.io-index#toml_datetime@1.1.1+spec-1.1.0
scripts.d/50-librsvg/99-librsvg.sh	SCRIPT_REPO	7612431eb02dc009319094f8513d63c1faaecfb4	x86_64-pc-windows-gnu	no	avif	build	toml_parser	1.1.3+spec-1.1.0	MIT OR Apache-2.0	registry+https://github.com/rust-lang/crates.io-index	1d38ac1cf9b95face32296c0a3ede1fdc270627c9d9c02a7274dd6d960dc4d56	1d38ac1cf9b95face32296c0a3ede1fdc270627c9d9c02a7274dd6d960dc4d56	yes	2	registry+https://github.com/rust-lang/crates.io-index#toml_parser@1.1.3+spec-1.1.0
scripts.d/50-librsvg/99-librsvg.sh	SCRIPT_REPO	7612431eb02dc009319094f8513d63c1faaecfb4	x86_64-pc-windows-gnu	no	avif	build	toml_writer	1.1.2+spec-1.1.0	MIT OR Apache-2.0	registry+https://github.com/rust-lang/crates.io-index	7d56353a2a665ad0f41a421187180aab746c8c325620617ad883a99a1cbe66d2	7d56353a2a665ad0f41a421187180aab746c8c325620617ad883a99a1cbe66d2	yes	2	registry+https://github.com/rust-lang/crates.io-index#toml_writer@1.1.2+spec-1.1.0
scripts.d/50-librsvg/99-librsvg.sh	SCRIPT_REPO	7612431eb02dc009319094f8513d63c1faaecfb4	x86_64-pc-windows-gnu	no	avif	build	version-compare	0.2.1	MIT	registry+https://github.com/rust-lang/crates.io-index	03c2856837ef78f57382f06b2b8563a2f512f7185d732608fd9176cb3b8edf0e	03c2856837ef78f57382f06b2b8563a2f512f7185d732608fd9176cb3b8edf0e	yes	1	registry+https://github.com/rust-lang/crates.io-index#version-compare@0.2.1
scripts.d/50-librsvg/99-librsvg.sh	SCRIPT_REPO	7612431eb02dc009319094f8513d63c1faaecfb4	x86_64-pc-windows-gnu	no	avif	build	version_check	0.9.5	MIT/Apache-2.0	registry+https://github.com/rust-lang/crates.io-index	0b928f33d975fc6ad9f86c8f283853ad26bdd5b10b7f1542aa2fa15e2289105a	0b928f33d975fc6ad9f86c8f283853ad26bdd5b10b7f1542aa2fa15e2289105a	yes	2	registry+https://github.com/rust-lang/crates.io-index#version_check@0.9.5
scripts.d/50-librsvg/99-librsvg.sh	SCRIPT_REPO	7612431eb02dc009319094f8513d63c1faaecfb4	x86_64-pc-windows-gnu	no	avif	build	winnow	1.0.4	MIT	registry+https://github.com/rust-lang/crates.io-index	23b97319f7b8343df12cc98938e5c3eb436064524c8d2b4e30a1d3a36eecdf81	23b97319f7b8343df12cc98938e5c3eb436064524c8d2b4e30a1d3a36eecdf81	yes	1	registry+https://github.com/rust-lang/crates.io-index#winnow@1.0.4
